Datetime,Open,High,Low,Close,Volume,Dividends,Stock Splits,Capital Gains
2023-03-07 09:30:00-05:00,23.989999771118164,23.990100860595703,23.989999771118164,23.989999771118164,0,0.0,0.0,0.0
2023-03-07 10:30:00-05:00,23.989999771118164,23.989999771118164,23.989999771118164,23.989999771118164,250,0.0,0.0,0.0
2023-03-07 14:30:00-05:00,24.078699111938477,24.078699111938477,24.020000457763672,24.020000457763672,1150,0.0,0.0,0.0
2023-03-07 15:30:00-05:00,23.739999771118164,23.739999771118164,23.739999771118164,23.739999771118164,100,0.0,0.0,0.0
2023-03-09 13:30:00-05:00,24.049999237060547,24.049999237060547,24.049999237060547,24.049999237060547,0,0.0,0.0,0.0
2023-03-09 15:30:00-05:00,23.950000762939453,23.950000762939453,23.950000762939453,23.950000762939453,200,0.0,0.0,0.0
2023-03-10 10:30:00-05:00,23.799999237060547,23.799999237060547,23.762800216674805,23.762800216674805,240,0.0,0.0,0.0
2023-03-10 11:30:00-05:00,23.799999237060547,24.579999923706055,23.79990005493164,24.399999618530273,993,0.0,0.0,0.0
2023-03-10 12:30:00-05:00,23.729999542236328,23.8799991607666,23.729999542236328,23.803199768066406,400,0.0,0.0,0.0
2023-03-10 15:30:00-05:00,24.059999465942383,24.079999923706055,24.059999465942383,24.079999923706055,300,0.0,0.0,0.0
2023-03-13 12:30:00-04:00,23.780000686645508,23.780000686645508,23.780000686645508,23.780000686645508,0,0.0,0.0,0.0
2023-03-13 15:30:00-04:00,23.829999923706055,23.829999923706055,23.829999923706055,23.829999923706055,0,0.0,0.0,0.0
2023-03-14 09:30:00-04:00,,,,,0,0.43,0.0,0.0
2023-03-14 10:30:00-04:00,23.513500213623047,23.513500213623047,23.513500213623047,23.513500213623047,419,0.0,0.0,0.0
2023-03-15 11:30:00-04:00,23.270099639892578,23.270099639892578,23.270099639892578,23.270099639892578,0,0.0,0.0,0.0
2023-03-15 12:30:00-04:00,23.450000762939453,23.5,23.450000762939453,23.5,586,0.0,0.0,0.0
2023-03-15 13:30:00-04:00,23.510000228881836,23.510000228881836,23.5,23.5,3800,0.0,0.0,0.0
2023-03-16 13:30:00-04:00,23.450000762939453,23.450000762939453,23.450000762939453,23.450000762939453,0,0.0,0.0,0.0
2023-03-16 14:30:00-04:00,23.6299991607666,23.6299991607666,23.6299991607666,23.6299991607666,138,0.0,0.0,0.0
2023-03-17 10:30:00-04:00,23.350000381469727,23.350000381469727,23.350000381469727,23.350000381469727,71,0.0,0.0,0.0
2023-03-20 14:30:00-04:00,23.299999237060547,23.299999237060547,23.299999237060547,23.299999237060547,334,0.0,0.0,0.0
2023-03-21 10:30:00-04:00,23.75,23.767000198364258,23.75,23.767000198364258,0,0.0,0.0,0.0
2023-03-21 11:30:00-04:00,23.510000228881836,23.860000610351562,23.510000228881836,23.860000610351562,3181,0.0,0.0,0.0
2023-03-21 13:30:00-04:00,23.80030059814453,23.838199615478516,23.315000534057617,23.690000534057617,4622,0.0,0.0,0.0
2023-03-21 14:30:00-04:00,23.489999771118164,23.489999771118164,23.350000381469727,23.350000381469727,624,0.0,0.0,0.0
2023-03-22 09:30:00-04:00,23.556699752807617,23.556699752807617,23.3799991607666,23.3799991607666,0,0.0,0.0,0.0
2023-03-22 11:30:00-04:00,23.489999771118164,23.75,23.489999771118164,23.690000534057617,3184,0.0,0.0,0.0
2023-03-22 12:30:00-04:00,23.5,23.649999618530273,23.40999984741211,23.5,2870,0.0,0.0,0.0
2023-03-22 13:30:00-04:00,23.469999313354492,23.690000534057617,23.449899673461914,23.59000015258789,2405,0.0,0.0,0.0
2023-03-22 14:30:00-04:00,23.429500579833984,23.614999771118164,23.350000381469727,23.350000381469727,1461,0.0,0.0,0.0
2023-03-22 15:30:00-04:00,23.350000381469727,23.489900588989258,23.350000381469727,23.489900588989258,0,0.0,0.0,0.0
2023-03-23 09:30:00-04:00,23.690000534057617,23.700000762939453,23.5049991607666,23.699899673461914,3183,0.0,0.0,0.0
2023-03-23 10:30:00-04:00,23.600000381469727,23.600000381469727,23.43000030517578,23.510000228881836,3198,0.0,0.0,0.0
2023-03-23 11:30:00-04:00,23.651399612426758,23.651399612426758,23.651399612426758,23.651399612426758,105,0.0,0.0,0.0
2023-03-23 12:30:00-04:00,23.549999237060547,23.549999237060547,23.450000762939453,23.450000762939453,314,0.0,0.0,0.0
2023-03-23 15:30:00-04:00,23.5,23.5,23.5,23.5,0,0.0,0.0,0.0
2023-03-24 09:30:00-04:00,23.709999084472656,23.709999084472656,23.540000915527344,23.540000915527344,0,0.0,0.0,0.0
2023-03-24 10:30:00-04:00,23.600000381469727,23.600000381469727,23.600000381469727,23.600000381469727,1230,0.0,0.0,0.0
2023-03-24 11:30:00-04:00,23.40999984741211,23.40999984741211,23.35300064086914,23.35300064086914,603,0.0,0.0,0.0
2023-03-24 14:30:00-04:00,23.5,23.5,23.5,23.5,208,0.0,0.0,0.0
2023-03-27 09:30:00-04:00,23.5,23.68000030517578,23.399999618530273,23.610000610351562,127,0.0,0.0,0.0
2023-03-27 11:30:00-04:00,23.450000762939453,23.670000076293945,23.329999923706055,23.329999923706055,1297,0.0,0.0,0.0
2023-03-27 12:30:00-04:00,23.600000381469727,23.600000381469727,23.600000381469727,23.600000381469727,284,0.0,0.0,0.0
2023-03-27 13:30:00-04:00,23.549999237060547,23.549999237060547,23.549999237060547,23.549999237060547,294,0.0,0.0,0.0
2023-03-27 14:30:00-04:00,23.559999465942383,23.618900299072266,23.549999237060547,23.60890007019043,601,0.0,0.0,0.0
2023-03-27 15:30:00-04:00,23.549999237060547,23.709999084472656,23.40999984741211,23.600000381469727,7249,0.0,0.0,0.0
2023-03-28 09:30:00-04:00,23.440000534057617,23.59000015258789,23.43000030517578,23.59000015258789,0,0.0,0.0,0.0
2023-03-28 11:30:00-04:00,23.450000762939453,23.549999237060547,23.450000762939453,23.549999237060547,281,0.0,0.0,0.0
2023-03-28 12:30:00-04:00,23.469900131225586,23.469900131225586,23.469900131225586,23.469900131225586,250,0.0,0.0,0.0
2023-03-28 13:30:00-04:00,23.469999313354492,23.469999313354492,23.469999313354492,23.469999313354492,200,0.0,0.0,0.0
2023-03-28 14:30:00-04:00,23.5,23.5,23.5,23.5,287,0.0,0.0,0.0
2023-03-28 15:30:00-04:00,23.530000686645508,23.600000381469727,23.530000686645508,23.600000381469727,500,0.0,0.0,0.0
2023-03-29 10:30:00-04:00,23.600000381469727,23.600000381469727,23.600000381469727,23.600000381469727,2,0.0,0.0,0.0
2023-03-29 11:30:00-04:00,23.559999465942383,23.56999969482422,23.559999465942383,23.56999969482422,203,0.0,0.0,0.0
2023-03-29 12:30:00-04:00,23.57990074157715,23.57990074157715,23.57990074157715,23.57990074157715,129,0.0,0.0,0.0
2023-03-29 14:30:00-04:00,23.56999969482422,23.56999969482422,23.56999969482422,23.56999969482422,354,0.0,0.0,0.0
2023-03-29 15:30:00-04:00,23.59000015258789,23.59000015258789,23.520000457763672,23.520000457763672,450,0.0,0.0,0.0
2023-03-30 10:30:00-04:00,23.631799697875977,23.631799697875977,23.631799697875977,23.631799697875977,0,0.0,0.0,0.0
2023-03-30 11:30:00-04:00,23.75,23.75,23.75,23.75,148,0.0,0.0,0.0
2023-03-30 14:30:00-04:00,23.612300872802734,23.612300872802734,23.559999465942383,23.559999465942383,0,0.0,0.0,0.0
2023-03-31 09:30:00-04:00,23.875200271606445,23.875200271606445,23.875200271606445,23.875200271606445,457,0.0,0.0,0.0
2023-03-31 10:30:00-04:00,23.549999237060547,23.549999237060547,23.549999237060547,23.549999237060547,410,0.0,0.0,0.0
2023-03-31 11:30:00-04:00,23.75,23.75,23.75,23.75,300,0.0,0.0,0.0
2023-03-31 13:30:00-04:00,23.799999237060547,23.87700080871582,23.799999237060547,23.87700080871582,502,0.0,0.0,0.0
2023-04-03 09:30:00-04:00,23.799999237060547,23.799999237060547,23.799999237060547,23.799999237060547,0,0.0,0.0,0.0
2023-04-03 10:30:00-04:00,23.850200653076172,23.899999618530273,23.850000381469727,23.899999618530273,1300,0.0,0.0,0.0
2023-04-03 13:30:00-04:00,23.899999618530273,23.899999618530273,23.799999237060547,23.799999237060547,401,0.0,0.0,0.0
2023-04-03 14:30:00-04:00,23.600099563598633,23.600099563598633,23.600099563598633,23.600099563598633,200,0.0,0.0,0.0
2023-04-05 09:30:00-04:00,23.66670036315918,23.66670036315918,23.66670036315918,23.66670036315918,0,0.0,0.0,0.0
2023-04-05 12:30:00-04:00,23.843599319458008,23.843599319458008,23.68600082397461,23.700000762939453,1100,0.0,0.0,0.0
2023-04-05 15:30:00-04:00,23.709999084472656,23.845699310302734,23.700000762939453,23.845699310302734,461,0.0,0.0,0.0
2023-04-06 11:30:00-04:00,23.600000381469727,23.709999084472656,23.600000381469727,23.600000381469727,486,0.0,0.0,0.0
2023-04-06 12:30:00-04:00,23.690000534057617,23.690000534057617,23.690000534057617,23.690000534057617,2586,0.0,0.0,0.0
2023-04-10 09:30:00-04:00,23.649999618530273,23.66990089416504,23.614700317382812,23.614700317382812,0,0.0,0.0,0.0
2023-04-10 11:30:00-04:00,23.510400772094727,23.510400772094727,23.5,23.5,1052,0.0,0.0,0.0
2023-04-11 09:30:00-04:00,23.549999237060547,23.549999237060547,23.549999237060547,23.549999237060547,0,0.0,0.0,0.0
2023-04-11 11:30:00-04:00,23.459999084472656,23.600000381469727,23.459999084472656,23.459999084472656,601,0.0,0.0,0.0
2023-04-11 15:30:00-04:00,23.59000015258789,23.59000015258789,23.59000015258789,23.59000015258789,156,0.0,0.0,0.0
2023-04-12 09:30:00-04:00,23.59000015258789,23.6299991607666,23.59000015258789,23.6028995513916,94,0.0,0.0,0.0
2023-04-12 13:30:00-04:00,23.309999465942383,23.3799991607666,23.170000076293945,23.3799991607666,2405,0.0,0.0,0.0
2023-04-12 15:30:00-04:00,23.497900009155273,23.497900009155273,23.399999618530273,23.400100708007812,777,0.0,0.0,0.0
2023-04-13 09:30:00-04:00,23.5,23.5,23.5,23.5,0,0.0,0.0,0.0
2023-04-13 10:30:00-04:00,23.239999771118164,23.300100326538086,23.239999771118164,23.300100326538086,0,0.0,0.0,0.0
2023-04-13 13:30:00-04:00,23.607200622558594,23.607200622558594,23.607200622558594,23.607200622558594,1601,0.0,0.0,0.0
2023-04-13 14:30:00-04:00,23.59000015258789,23.670000076293945,23.59000015258789,23.670000076293945,495,0.0,0.0,0.0
2023-04-13 15:30:00-04:00,23.53499984741211,23.53499984741211,23.400100708007812,23.400100708007812,1198,0.0,0.0,0.0
2023-04-14 09:30:00-04:00,23.399999618530273,23.399999618530273,23.270000457763672,23.270000457763672,0,0.0,0.0,0.0
2023-04-14 13:30:00-04:00,23.399999618530273,23.399999618530273,23.399999618530273,23.399999618530273,308,0.0,0.0,0.0
2023-04-14 14:30:00-04:00,23.399999618530273,23.49850082397461,23.3700008392334,23.3700008392334,1073,0.0,0.0,0.0
2023-04-17 09:30:00-04:00,23.399999618530273,23.53499984741211,23.399999618530273,23.53499984741211,0,0.0,0.0,0.0
2023-04-19 09:30:00-04:00,23.5,23.56529998779297,23.5,23.56529998779297,0,0.0,0.0,0.0
2023-04-19 10:30:00-04:00,23.56999969482422,23.605600357055664,23.56999969482422,23.605600357055664,582,0.0,0.0,0.0
2023-04-20 10:30:00-04:00,23.5,23.5,23.5,23.5,0,0.0,0.0,0.0
2023-04-21 09:30:00-04:00,23.670000076293945,23.670000076293945,23.670000076293945,23.670000076293945,289,0.0,0.0,0.0
2023-04-21 14:30:00-04:00,23.579999923706055,23.579999923706055,23.579999923706055,23.579999923706055,0,0.0,0.0,0.0
2023-04-25 09:30:00-04:00,23.363100051879883,23.363100051879883,23.363100051879883,23.363100051879883,605,0.0,0.0,0.0
2023-04-28 11:30:00-04:00,23.594999313354492,23.594999313354492,23.594999313354492,23.594999313354492,0,0.0,0.0,0.0
2023-04-28 15:30:00-04:00,23.49970054626465,23.49970054626465,23.49970054626465,23.49970054626465,400,0.0,0.0,0.0
2023-05-01 11:30:00-04:00,23.583499908447266,23.583499908447266,23.583499908447266,23.583499908447266,309,0.0,0.0,0.0
2023-05-02 10:30:00-04:00,23.170000076293945,23.170000076293945,23.170000076293945,23.170000076293945,465,0.0,0.0,0.0
2023-05-03 12:30:00-04:00,23.299999237060547,23.32069969177246,23.299999237060547,23.32069969177246,200,0.0,0.0,0.0
2023-05-03 13:30:00-04:00,23.459999084472656,23.489999771118164,23.459999084472656,23.489999771118164,420,0.0,0.0,0.0
2023-05-03 14:30:00-04:00,23.489999771118164,23.5,23.489999771118164,23.499900817871094,952,0.0,0.0,0.0
2023-05-04 09:30:00-04:00,23.450000762939453,23.450000762939453,23.450000762939453,23.450000762939453,0,0.0,0.0,0.0
2023-05-04 11:30:00-04:00,23.2106990814209,23.2106990814209,23.2106990814209,23.2106990814209,0,0.0,0.0,0.0
2023-05-04 14:30:00-04:00,23.31999969482422,23.31999969482422,23.200000762939453,23.280399322509766,2185,0.0,0.0,0.0
2023-05-05 09:30:00-04:00,23.280000686645508,23.280000686645508,23.280000686645508,23.280000686645508,0,0.0,0.0,0.0
2023-05-05 10:30:00-04:00,23.290800094604492,23.290800094604492,23.200000762939453,23.200000762939453,616,0.0,0.0,0.0
2023-05-08 11:30:00-04:00,23.200000762939453,23.200000762939453,23.13360023498535,23.139999389648438,281,0.0,0.0,0.0
2023-05-08 12:30:00-04:00,23.200000762939453,23.200000762939453,23.114200592041016,23.114200592041016,637,0.0,0.0,0.0
2023-05-08 14:30:00-04:00,23.515199661254883,23.515199661254883,23.479999542236328,23.479999542236328,300,0.0,0.0,0.0
2023-05-10 10:30:00-04:00,22.84000015258789,23.579999923706055,22.84000015258789,23.299999237060547,2004,0.0,0.0,0.0
2023-05-10 11:30:00-04:00,23.200000762939453,23.200000762939453,23.200000762939453,23.200000762939453,107,0.0,0.0,0.0
2023-05-11 10:30:00-04:00,23.399900436401367,23.399999618530273,23.399900436401367,23.399999618530273,0,0.0,0.0,0.0
2023-05-11 11:30:00-04:00,23.3799991607666,23.399999618530273,23.3700008392334,23.399900436401367,821,0.0,0.0,0.0
2023-05-11 12:30:00-04:00,23.379899978637695,23.379899978637695,23.379899978637695,23.379899978637695,250,0.0,0.0,0.0
2023-05-11 14:30:00-04:00,23.342199325561523,23.500099182128906,23.342199325561523,23.500099182128906,2142,0.0,0.0,0.0
2023-05-11 15:30:00-04:00,23.420000076293945,23.469999313354492,23.309999465942383,23.40999984741211,8724,0.0,0.0,0.0
2023-05-12 09:30:00-04:00,23.540000915527344,23.540000915527344,23.5,23.5,0,0.0,0.0,0.0
2023-05-12 10:30:00-04:00,23.510000228881836,23.510000228881836,23.31999969482422,23.360000610351562,3011,0.0,0.0,0.0
2023-05-12 11:30:00-04:00,23.360000610351562,23.360000610351562,23.360000610351562,23.360000610351562,378,0.0,0.0,0.0
2023-05-12 13:30:00-04:00,23.5,23.5,23.5,23.5,555,0.0,0.0,0.0
2023-05-12 14:30:00-04:00,23.5,23.670000076293945,23.200000762939453,23.670000076293945,6592,0.0,0.0,0.0
2023-05-12 15:30:00-04:00,23.559999465942383,23.68000030517578,23.559999465942383,23.600000381469727,2206,0.0,0.0,0.0
2023-05-15 09:30:00-04:00,23.65999984741211,23.65999984741211,23.510000228881836,23.510000228881836,0,0.0,0.0,0.0
2023-05-15 10:30:00-04:00,23.600000381469727,23.639999389648438,23.510000228881836,23.520000457763672,1660,0.0,0.0,0.0
2023-05-15 11:30:00-04:00,23.520000457763672,23.520000457763672,23.520000457763672,23.520000457763672,202,0.0,0.0,0.0
2023-05-15 12:30:00-04:00,23.549999237060547,23.6299991607666,23.549999237060547,23.6200008392334,0,0.0,0.0,0.0
2023-05-16 09:30:00-04:00,23.18000030517578,23.670000076293945,23.18000030517578,23.639999389648438,2455,0.0,0.0,0.0
2023-05-16 13:30:00-04:00,23.479999542236328,23.479999542236328,23.479999542236328,23.479999542236328,376,0.0,0.0,0.0
2023-05-17 09:30:00-04:00,23.549999237060547,23.549999237060547,23.3700008392334,23.469999313354492,0,0.0,0.0,0.0
2023-05-17 10:30:00-04:00,23.6299991607666,23.6299991607666,23.6299991607666,23.6299991607666,109,0.0,0.0,0.0
2023-05-17 14:30:00-04:00,23.56999969482422,23.600000381469727,23.510000228881836,23.510000228881836,571,0.0,0.0,0.0
2023-05-18 09:30:00-04:00,23.690000534057617,23.690000534057617,23.40999984741211,23.56999969482422,459,0.0,0.0,0.0
2023-05-18 10:30:00-04:00,23.649999618530273,23.649999618530273,23.649999618530273,23.649999618530273,0,0.0,0.0,0.0
2023-05-18 11:30:00-04:00,23.649999618530273,23.649999618530273,23.649999618530273,23.649999618530273,2171,0.0,0.0,0.0
2023-05-18 12:30:00-04:00,23.64940071105957,23.64940071105957,23.64940071105957,23.64940071105957,0,0.0,0.0,0.0
2023-05-19 09:30:00-04:00,23.530000686645508,23.58099937438965,23.290000915527344,23.360000610351562,2310,0.0,0.0,0.0
2023-05-19 13:30:00-04:00,23.520000457763672,23.520000457763672,23.399999618530273,23.399999618530273,1424,0.0,0.0,0.0
2023-05-19 14:30:00-04:00,23.420000076293945,23.420000076293945,23.420000076293945,23.420000076293945,356,0.0,0.0,0.0
2023-05-19 15:30:00-04:00,23.420000076293945,23.420000076293945,23.420000076293945,23.420000076293945,300,0.0,0.0,0.0
2023-05-22 09:30:00-04:00,23.510900497436523,23.510900497436523,23.510900497436523,23.510900497436523,0,0.0,0.0,0.0
2023-05-22 10:30:00-04:00,23.549999237060547,23.549999237060547,23.549999237060547,23.549999237060547,302,0.0,0.0,0.0
2023-05-22 12:30:00-04:00,23.399999618530273,23.579999923706055,23.399999618530273,23.579999923706055,303,0.0,0.0,0.0
2023-05-22 13:30:00-04:00,23.469999313354492,23.56999969482422,23.469999313354492,23.559999465942383,909,0.0,0.0,0.0
2023-05-22 14:30:00-04:00,23.575000762939453,23.575000762939453,23.575000762939453,23.575000762939453,1250,0.0,0.0,0.0
2023-05-23 09:30:00-04:00,23.700000762939453,23.700000762939453,23.670000076293945,23.670000076293945,0,0.0,0.0,0.0
2023-05-23 10:30:00-04:00,23.670000076293945,23.670000076293945,23.579999923706055,23.579999923706055,445,0.0,0.0,0.0
2023-05-23 11:30:00-04:00,23.600000381469727,23.600000381469727,23.579999923706055,23.579999923706055,527,0.0,0.0,0.0
2023-05-23 12:30:00-04:00,23.54990005493164,23.549999237060547,23.34000015258789,23.34000015258789,799,0.0,0.0,0.0
2023-05-23 13:30:00-04:00,23.540000915527344,23.6200008392334,23.540000915527344,23.600000381469727,1182,0.0,0.0,0.0
2023-05-23 14:30:00-04:00,23.520000457763672,23.520000457763672,23.459999084472656,23.459999084472656,336,0.0,0.0,0.0
2023-05-24 09:30:00-04:00,23.700000762939453,23.700000762939453,23.209999084472656,23.209999084472656,0,0.0,0.0,0.0
2023-05-24 10:30:00-04:00,23.432899475097656,23.432899475097656,23.432899475097656,23.432899475097656,346,0.0,0.0,0.0
2023-05-24 11:30:00-04:00,23.3799991607666,23.3799991607666,23.350000381469727,23.350000381469727,540,0.0,0.0,0.0
2023-05-24 12:30:00-04:00,23.329999923706055,23.34000015258789,23.329999923706055,23.34000015258789,301,0.0,0.0,0.0
2023-05-24 13:30:00-04:00,23.6299991607666,23.6299991607666,23.6299991607666,23.6299991607666,119,0.0,0.0,0.0
2023-05-24 14:30:00-04:00,23.625,23.785900115966797,23.049999237060547,23.63960075378418,5770,0.0,0.0,0.0
2023-05-24 15:30:00-04:00,23.389999389648438,23.389999389648438,23.389999389648438,23.389999389648438,0,0.0,0.0,0.0
2023-05-25 09:30:00-04:00,23.530000686645508,23.610000610351562,23.40999984741211,23.549999237060547,1580,0.0,0.0,0.0
2023-05-25 10:30:00-04:00,23.672000885009766,23.672000885009766,23.624399185180664,23.624399185180664,525,0.0,0.0,0.0
2023-05-25 12:30:00-04:00,23.514999389648438,23.747600555419922,23.280000686645508,23.747600555419922,1701,0.0,0.0,0.0
2023-05-25 13:30:00-04:00,23.621000289916992,23.749900817871094,23.562599182128906,23.749900817871094,692,0.0,0.0,0.0
2023-05-25 14:30:00-04:00,23.6299991607666,23.6299991607666,23.6299991607666,23.6299991607666,175,0.0,0.0,0.0
2023-05-25 15:30:00-04:00,23.650999069213867,23.650999069213867,23.650999069213867,23.650999069213867,267,0.0,0.0,0.0
2023-05-26 10:30:00-04:00,23.65999984741211,23.65999984741211,23.530000686645508,23.579999923706055,1509,0.0,0.0,0.0
2023-05-26 12:30:00-04:00,23.6299991607666,23.6299991607666,23.6299991607666,23.6299991607666,200,0.0,0.0,0.0
2023-05-26 15:30:00-04:00,23.719999313354492,23.719999313354492,23.719999313354492,23.719999313354492,295,0.0,0.0,0.0
2023-05-30 09:30:00-04:00,23.75,23.81999969482422,23.625,23.77199935913086,40,0.0,0.0,0.0
2023-05-30 14:30:00-04:00,23.690000534057617,23.799999237060547,23.690000534057617,23.799999237060547,500,0.0,0.0,0.0
2023-05-31 10:30:00-04:00,23.639999389648438,23.670000076293945,23.639999389648438,23.65999984741211,283,0.0,0.0,0.0
2023-05-31 13:30:00-04:00,23.790000915527344,23.790000915527344,23.790000915527344,23.790000915527344,275,0.0,0.0,0.0
2023-05-31 15:30:00-04:00,23.780000686645508,23.780000686645508,23.780000686645508,23.780000686645508,208,0.0,0.0,0.0
2023-06-01 12:30:00-04:00,23.739999771118164,23.780000686645508,23.739999771118164,23.780000686645508,226,0.0,0.0,0.0
2023-06-01 13:30:00-04:00,23.780000686645508,23.780000686645508,23.780000686645508,23.780000686645508,179,0.0,0.0,0.0
2023-06-01 14:30:00-04:00,23.780000686645508,23.780000686645508,23.75,23.75,850,0.0,0.0,0.0
2023-06-02 11:30:00-04:00,23.770999908447266,23.770999908447266,23.770999908447266,23.770999908447266,0,0.0,0.0,0.0
2023-06-02 13:30:00-04:00,23.75,23.760000228881836,23.75,23.760000228881836,200,0.0,0.0,0.0
2023-06-02 15:30:00-04:00,23.760000228881836,23.760000228881836,23.760000228881836,23.760000228881836,250,0.0,0.0,0.0
2023-06-05 09:30:00-04:00,23.760000228881836,23.760000228881836,23.469999313354492,23.559999465942383,525,0.0,0.0,0.0
2023-06-05 10:30:00-04:00,23.733200073242188,23.75,23.700000762939453,23.700000762939453,561,0.0,0.0,0.0
2023-06-05 14:30:00-04:00,23.6299991607666,23.6299991607666,23.600000381469727,23.600000381469727,1019,0.0,0.0,0.0
2023-06-06 09:30:00-04:00,23.68000030517578,23.76799964904785,23.68000030517578,23.767000198364258,0,0.0,0.0,0.0
2023-06-06 11:30:00-04:00,23.81999969482422,23.81999969482422,23.719999313354492,23.780000686645508,2013,0.0,0.0,0.0
2023-06-06 12:30:00-04:00,23.773700714111328,23.773700714111328,23.773700714111328,23.773700714111328,191,0.0,0.0,0.0
2023-06-07 09:30:00-04:00,23.809999465942383,23.809999465942383,23.729999542236328,23.770000457763672,424,0.0,0.0,0.0
2023-06-07 10:30:00-04:00,23.770000457763672,23.770000457763672,23.75,23.75,750,0.0,0.0,0.0
2023-06-07 11:30:00-04:00,23.75,23.75,23.75,23.75,750,0.0,0.0,0.0
2023-06-07 15:30:00-04:00,23.75,23.75,23.75,23.75,0,0.0,0.0,0.0
2023-06-08 11:30:00-04:00,23.770000457763672,23.81999969482422,23.68000030517578,23.790000915527344,2602,0.0,0.0,0.0
2023-06-08 13:30:00-04:00,23.700000762939453,23.75,23.700000762939453,23.75,516,0.0,0.0,0.0
2023-06-09 10:30:00-04:00,23.780000686645508,23.81999969482422,23.780000686645508,23.81999969482422,1768,0.0,0.0,0.0
2023-06-12 09:30:00-04:00,23.829999923706055,23.829999923706055,23.81999969482422,23.81999969482422,0,0.0,0.0,0.0
2023-06-12 10:30:00-04:00,23.950000762939453,24.030000686645508,23.770000457763672,23.940000534057617,2464,0.0,0.0,0.0
2023-06-13 11:30:00-04:00,24.0,24.049999237060547,23.780000686645508,23.940000534057617,1821,0.0,0.0,0.0
2023-06-13 13:30:00-04:00,23.979999542236328,24.079999923706055,23.90999984741211,24.010000228881836,1850,0.0,0.0,0.0
2023-06-13 14:30:00-04:00,24.079999923706055,24.079999923706055,23.90999984741211,23.90999984741211,204,0.0,0.0,0.0
2023-06-14 09:30:00-04:00,23.90999984741211,24.06999969482422,23.760000228881836,23.850000381469727,215,0.43,0.0,0.0
2023-06-14 10:30:00-04:00,23.899999618530273,23.950000762939453,23.66119956970215,23.75,1946,0.0,0.0,0.0
2023-06-15 09:30:00-04:00,23.770000457763672,23.8799991607666,23.770000457763672,23.770000457763672,0,0.0,0.0,0.0
2023-06-15 10:30:00-04:00,23.760000228881836,23.860000610351562,23.760000228881836,23.860000610351562,609,0.0,0.0,0.0
2023-06-15 11:30:00-04:00,23.701200485229492,23.701200485229492,23.701200485229492,23.701200485229492,232,0.0,0.0,0.0
2023-06-15 13:30:00-04:00,23.799999237060547,23.899999618530273,23.799999237060547,23.81999969482422,1503,0.0,0.0,0.0
2023-06-15 14:30:00-04:00,23.882600784301758,23.979999542236328,23.8700008392334,23.979999542236328,549,0.0,0.0,0.0
2023-06-16 09:30:00-04:00,23.780000686645508,23.899999618530273,23.780000686645508,23.81999969482422,0,0.0,0.0,0.0
2023-06-16 12:30:00-04:00,23.81999969482422,23.864999771118164,23.81999969482422,23.864999771118164,1525,0.0,0.0,0.0
2023-06-16 14:30:00-04:00,23.850000381469727,23.850000381469727,23.81999969482422,23.81999969482422,800,0.0,0.0,0.0
2023-06-16 15:30:00-04:00,23.856000900268555,23.899999618530273,23.760000228881836,23.829999923706055,2431,0.0,0.0,0.0
2023-06-20 09:30:00-04:00,23.961200714111328,23.961200714111328,23.961200714111328,23.961200714111328,0,0.0,0.0,0.0
2023-06-20 10:30:00-04:00,23.924999237060547,23.924999237060547,23.899999618530273,23.90999984741211,631,0.0,0.0,0.0
2023-06-20 11:30:00-04:00,23.90999984741211,23.969999313354492,23.670000076293945,23.889999389648438,8715,0.0,0.0,0.0
2023-06-20 14:30:00-04:00,23.829999923706055,23.889999389648438,23.770000457763672,23.809999465942383,2721,0.0,0.0,0.0
2023-06-21 09:30:00-04:00,23.790000915527344,23.850000381469727,23.790000915527344,23.850000381469727,0,0.0,0.0,0.0
2023-06-21 11:30:00-04:00,23.912399291992188,23.912399291992188,23.912399291992188,23.912399291992188,174,0.0,0.0,0.0
2023-06-21 12:30:00-04:00,23.81999969482422,23.860000610351562,23.780000686645508,23.790000915527344,1102,0.0,0.0,0.0
2023-06-21 13:30:00-04:00,23.719999313354492,23.719999313354492,23.65999984741211,23.65999984741211,1498,0.0,0.0,0.0
2023-06-22 09:30:00-04:00,23.709999084472656,23.8799991607666,23.709999084472656,23.780000686645508,0,0.0,0.0,0.0
2023-06-22 10:30:00-04:00,23.7539005279541,23.7539005279541,23.709999084472656,23.709999084472656,651,0.0,0.0,0.0
2023-06-23 09:30:00-04:00,23.739999771118164,23.739999771118164,23.6200008392334,23.6200008392334,0,0.0,0.0,0.0
2023-06-23 10:30:00-04:00,23.600000381469727,23.600000381469727,23.600000381469727,23.600000381469727,0,0.0,0.0,0.0
2023-06-26 09:30:00-04:00,23.600000381469727,23.600000381469727,23.600000381469727,23.600000381469727,486,0.0,0.0,0.0
2023-06-26 11:30:00-04:00,23.850000381469727,23.850000381469727,23.850000381469727,23.850000381469727,101,0.0,0.0,0.0
2023-06-27 09:30:00-04:00,23.638999938964844,23.757699966430664,23.6299991607666,23.757699966430664,338,0.0,0.0,0.0
2023-06-27 11:30:00-04:00,23.700000762939453,23.700000762939453,23.700000762939453,23.700000762939453,501,0.0,0.0,0.0
2023-06-28 09:30:00-04:00,23.660999298095703,23.690000534057617,23.660999298095703,23.689899444580078,0,0.0,0.0,0.0
2023-06-28 10:30:00-04:00,23.700000762939453,23.700000762939453,23.700000762939453,23.700000762939453,203,0.0,0.0,0.0
2023-06-29 10:30:00-04:00,23.662399291992188,23.662399291992188,23.662399291992188,23.662399291992188,0,0.0,0.0,0.0
2023-06-29 12:30:00-04:00,23.770000457763672,23.770000457763672,23.770000457763672,23.770000457763672,333,0.0,0.0,0.0
2023-06-29 14:30:00-04:00,23.6299991607666,23.6299991607666,23.600000381469727,23.600000381469727,2623,0.0,0.0,0.0
2023-06-30 10:30:00-04:00,23.610000610351562,23.6200008392334,23.600000381469727,23.610000610351562,0,0.0,0.0,0.0
2023-06-30 14:30:00-04:00,23.489999771118164,23.5,23.489999771118164,23.5,416,0.0,0.0,0.0
2023-07-03 10:30:00-04:00,23.649999618530273,23.649999618530273,23.6299991607666,23.6299991607666,0,0.0,0.0,0.0
2023-07-03 11:30:00-04:00,23.65999984741211,23.799999237060547,23.520000457763672,23.690000534057617,4431,0.0,0.0,0.0
2023-07-05 09:30:00-04:00,23.690000534057617,23.690000534057617,23.559999465942383,23.559999465942383,0,0.0,0.0,0.0
2023-07-05 10:30:00-04:00,23.707000732421875,23.707000732421875,23.707000732421875,23.707000732421875,0,0.0,0.0,0.0
2023-07-05 11:30:00-04:00,23.600000381469727,23.709999084472656,23.600000381469727,23.610000610351562,0,0.0,0.0,0.0
2023-07-05 12:30:00-04:00,23.600000381469727,23.600000381469727,23.600000381469727,23.600000381469727,5690,0.0,0.0,0.0
2023-07-05 14:30:00-04:00,23.600000381469727,23.600000381469727,23.600000381469727,23.600000381469727,572,0.0,0.0,0.0
2023-07-06 09:30:00-04:00,23.56999969482422,23.56999969482422,23.540000915527344,23.540000915527344,0,0.0,0.0,0.0
2023-07-06 11:30:00-04:00,23.549999237060547,23.549999237060547,23.549999237060547,23.549999237060547,1390,0.0,0.0,0.0
2023-07-06 13:30:00-04:00,23.600000381469727,23.600000381469727,23.600000381469727,23.600000381469727,200,0.0,0.0,0.0
2023-07-07 10:30:00-04:00,23.600000381469727,23.600000381469727,23.600000381469727,23.600000381469727,0,0.0,0.0,0.0
2023-07-07 12:30:00-04:00,23.520000457763672,23.579999923706055,23.520000457763672,23.579999923706055,510,0.0,0.0,0.0
2023-07-07 13:30:00-04:00,23.599899291992188,23.599899291992188,23.530000686645508,23.548200607299805,2119,0.0,0.0,0.0
2023-07-10 10:30:00-04:00,23.614999771118164,23.614999771118164,23.614999771118164,23.614999771118164,0,0.0,0.0,0.0
2023-07-10 11:30:00-04:00,23.6200008392334,23.6299991607666,23.54990005493164,23.549999237060547,1143,0.0,0.0,0.0
2023-07-10 14:30:00-04:00,23.68000030517578,23.68000030517578,23.68000030517578,23.68000030517578,200,0.0,0.0,0.0
2023-07-11 10:30:00-04:00,23.5,23.549999237060547,23.440000534057617,23.549999237060547,4783,0.0,0.0,0.0
2023-07-11 11:30:00-04:00,23.60540008544922,23.60540008544922,23.549999237060547,23.549999237060547,1306,0.0,0.0,0.0
2023-07-11 12:30:00-04:00,23.614999771118164,23.614999771118164,23.614999771118164,23.614999771118164,400,0.0,0.0,0.0
2023-07-11 13:30:00-04:00,23.6299991607666,23.6299991607666,23.6299991607666,23.6299991607666,262,0.0,0.0,0.0
2023-07-11 15:30:00-04:00,23.610000610351562,23.610000610351562,23.610000610351562,23.610000610351562,899,0.0,0.0,0.0
2023-07-12 09:30:00-04:00,23.667499542236328,23.667499542236328,23.667499542236328,23.667499542236328,0,0.0,0.0,0.0
2023-07-12 10:30:00-04:00,23.639999389648438,23.68000030517578,23.639999389648438,23.679899215698242,1500,0.0,0.0,0.0
2023-07-12 11:30:00-04:00,23.670000076293945,23.68000030517578,23.670000076293945,23.67970085144043,784,0.0,0.0,0.0
2023-07-12 12:30:00-04:00,23.68000030517578,23.68000030517578,23.68000030517578,23.68000030517578,0,0.0,0.0,0.0
2023-07-12 15:30:00-04:00,23.700000762939453,23.709999084472656,23.68000030517578,23.68000030517578,4314,0.0,0.0,0.0
2023-07-13 09:30:00-04:00,23.680099487304688,23.680099487304688,23.680099487304688,23.680099487304688,0,0.0,0.0,0.0
2023-07-13 13:30:00-04:00,23.799999237060547,23.799999237060547,23.799999237060547,23.799999237060547,253,0.0,0.0,0.0
2023-07-14 14:30:00-04:00,23.7362003326416,23.7362003326416,23.7362003326416,23.7362003326416,0,0.0,0.0,0.0
2023-07-17 10:30:00-04:00,23.780000686645508,23.780000686645508,23.75,23.75,413,0.0,0.0,0.0
2023-07-17 11:30:00-04:00,23.569900512695312,23.649999618530273,23.569900512695312,23.649999618530273,1988,0.0,0.0,0.0
2023-07-17 15:30:00-04:00,23.719999313354492,23.719999313354492,23.719999313354492,23.719999313354492,200,0.0,0.0,0.0
2023-07-18 10:30:00-04:00,23.75,23.889999389648438,23.729999542236328,23.790000915527344,0,0.0,0.0,0.0
2023-07-18 14:30:00-04:00,23.770000457763672,23.770000457763672,23.67729949951172,23.67729949951172,3827,0.0,0.0,0.0
2023-07-19 09:30:00-04:00,23.889999389648438,23.889999389648438,23.719999313354492,23.809999465942383,0,0.0,0.0,0.0
2023-07-19 10:30:00-04:00,23.844999313354492,23.844999313354492,23.844999313354492,23.844999313354492,230,0.0,0.0,0.0
2023-07-19 13:30:00-04:00,23.719999313354492,23.719999313354492,23.719999313354492,23.719999313354492,275,0.0,0.0,0.0
2023-07-20 11:30:00-04:00,23.75,23.829500198364258,23.75,23.761999130249023,0,0.0,0.0,0.0
2023-07-21 11:30:00-04:00,23.920000076293945,23.920000076293945,23.83180046081543,23.83180046081543,551,0.0,0.0,0.0
2023-07-21 14:30:00-04:00,23.700000762939453,23.700000762939453,23.700000762939453,23.700000762939453,0,0.0,0.0,0.0
2023-07-24 12:30:00-04:00,23.780000686645508,23.780000686645508,23.780000686645508,23.780000686645508,103,0.0,0.0,0.0
2023-07-24 14:30:00-04:00,23.969999313354492,23.969999313354492,23.969999313354492,23.969999313354492,100,0.0,0.0,0.0
2023-07-25 09:30:00-04:00,23.700000762939453,23.959699630737305,23.700000762939453,23.780000686645508,999,0.0,0.0,0.0
2023-07-25 11:30:00-04:00,23.729999542236328,23.860000610351562,23.729999542236328,23.760000228881836,1731,0.0,0.0,0.0
2023-07-25 13:30:00-04:00,23.729999542236328,23.860000610351562,23.729999542236328,23.75,1537,0.0,0.0,0.0
2023-07-25 14:30:00-04:00,23.790000915527344,23.790000915527344,23.790000915527344,23.790000915527344,100,0.0,0.0,0.0
2023-07-26 11:30:00-04:00,23.719999313354492,23.8799991607666,23.719999313354492,23.82740020751953,1317,0.0,0.0,0.0
2023-07-26 12:30:00-04:00,23.920000076293945,23.920000076293945,23.860000610351562,23.860000610351562,473,0.0,0.0,0.0
2023-07-27 11:30:00-04:00,23.8700008392334,23.8700008392334,23.8700008392334,23.8700008392334,0,0.0,0.0,0.0
2023-07-27 15:30:00-04:00,23.81999969482422,23.81999969482422,23.81999969482422,23.81999969482422,100,0.0,0.0,0.0
2023-07-28 09:30:00-04:00,23.799999237060547,23.799999237060547,23.799999237060547,23.799999237060547,46,0.0,0.0,0.0
2023-07-28 14:30:00-04:00,23.950000762939453,24.0,23.950000762939453,23.95989990234375,801,0.0,0.0,0.0
2023-07-31 12:30:00-04:00,23.93720054626465,23.93720054626465,23.93720054626465,23.93720054626465,0,0.0,0.0,0.0
2023-07-31 13:30:00-04:00,23.989999771118164,23.989999771118164,23.989999771118164,23.989999771118164,156,0.0,0.0,0.0
2023-07-31 14:30:00-04:00,23.965900421142578,23.965900421142578,23.965900421142578,23.965900421142578,300,0.0,0.0,0.0
2023-07-31 15:30:00-04:00,23.989999771118164,24.100000381469727,23.979999542236328,24.100000381469727,2245,0.0,0.0,0.0
2023-08-01 12:30:00-04:00,24.1200008392334,24.1200008392334,24.10059928894043,24.10059928894043,200,0.0,0.0,0.0
2023-08-01 13:30:00-04:00,24.110000610351562,24.110000610351562,24.110000610351562,24.110000610351562,486,0.0,0.0,0.0
2023-08-01 15:30:00-04:00,24.110000610351562,24.110000610351562,24.110000610351562,24.110000610351562,200,0.0,0.0,0.0
2023-08-02 09:30:00-04:00,24.09000015258789,24.09000015258789,24.09000015258789,24.09000015258789,0,0.0,0.0,0.0
2023-08-02 10:30:00-04:00,24.09000015258789,24.09000015258789,24.09000015258789,24.09000015258789,151,0.0,0.0,0.0
2023-08-02 11:30:00-04:00,24.0,24.0,24.0,24.0,211,0.0,0.0,0.0
2023-08-02 12:30:00-04:00,24.0,24.0,24.0,24.0,117,0.0,0.0,0.0
2023-08-02 13:30:00-04:00,24.01420021057129,24.01420021057129,24.01420021057129,24.01420021057129,166,0.0,0.0,0.0
2023-08-03 10:30:00-04:00,24.0,24.09000015258789,23.950000762939453,24.020000457763672,1683,0.0,0.0,0.0
2023-08-04 09:30:00-04:00,23.959999084472656,24.100000381469727,23.959999084472656,24.09000015258789,2222,0.0,0.0,0.0
2023-08-04 10:30:00-04:00,24.1200008392334,24.1200008392334,24.049999237060547,24.079999923706055,1429,0.0,0.0,0.0
2023-08-04 15:30:00-04:00,24.100000381469727,24.100000381469727,24.100000381469727,24.100000381469727,1081,0.0,0.0,0.0
2023-08-07 10:30:00-04:00,24.199899673461914,24.200000762939453,24.199899673461914,24.200000762939453,0,0.0,0.0,0.0
2023-08-07 11:30:00-04:00,24.200000762939453,24.399999618530273,24.149999618530273,24.200000762939453,3588,0.0,0.0,0.0
2023-08-07 13:30:00-04:00,24.139999389648438,24.190000534057617,24.139999389648438,24.190000534057617,419,0.0,0.0,0.0
2023-08-07 15:30:00-04:00,24.100000381469727,24.170000076293945,24.100000381469727,24.170000076293945,497,0.0,0.0,0.0
2023-08-08 09:30:00-04:00,24.200000762939453,24.399999618530273,24.200000762939453,24.309999465942383,0,0.0,0.0,0.0
2023-08-08 11:30:00-04:00,24.280000686645508,24.299999237060547,24.280000686645508,24.299999237060547,402,0.0,0.0,0.0
2023-08-08 15:30:00-04:00,24.270000457763672,24.270000457763672,24.270000457763672,24.270000457763672,0,0.0,0.0,0.0
2023-08-09 09:30:00-04:00,24.209999084472656,24.399999618530273,24.209999084472656,24.260000228881836,2425,0.0,0.0,0.0
2023-08-09 15:30:00-04:00,24.25,24.25,24.25,24.25,630,0.0,0.0,0.0
2023-08-10 09:30:00-04:00,24.190000534057617,24.399999618530273,24.190000534057617,24.3700008392334,2487,0.0,0.0,0.0
2023-08-10 10:30:00-04:00,24.200000762939453,24.200000762939453,24.200000762939453,24.200000762939453,812,0.0,0.0,0.0
2023-08-10 11:30:00-04:00,24.350000381469727,24.350000381469727,24.350000381469727,24.350000381469727,247,0.0,0.0,0.0
2023-08-11 13:30:00-04:00,24.190000534057617,24.270000457763672,24.190000534057617,24.229999542236328,1309,0.0,0.0,0.0
2023-08-14 09:30:00-04:00,24.270000457763672,24.360000610351562,24.100099563598633,24.360000610351562,284,0.0,0.0,0.0
2023-08-14 12:30:00-04:00,24.200000762939453,24.200000762939453,24.190500259399414,24.190500259399414,600,0.0,0.0,0.0
2023-08-14 15:30:00-04:00,24.190000534057617,24.190000534057617,24.190000534057617,24.190000534057617,597,0.0,0.0,0.0
2023-08-15 10:30:00-04:00,24.190000534057617,24.190000534057617,24.190000534057617,24.190000534057617,421,0.0,0.0,0.0
2023-08-15 12:30:00-04:00,24.25,24.25,24.049999237060547,24.139999389648438,0,0.0,0.0,0.0
2023-08-15 13:30:00-04:00,24.25,24.25,24.25,24.25,2617,0.0,0.0,0.0
2023-08-15 14:30:00-04:00,24.25,24.25,24.25,24.25,101,0.0,0.0,0.0
2023-08-15 15:30:00-04:00,24.25,24.25,24.25,24.25,0,0.0,0.0,0.0
2023-08-16 14:30:00-04:00,24.389999389648438,24.399999618530273,24.389999389648438,24.399999618530273,1000,0.0,0.0,0.0
2023-08-16 15:30:00-04:00,24.360000610351562,24.360000610351562,24.350000381469727,24.350000381469727,1217,0.0,0.0,0.0
2023-08-17 10:30:00-04:00,24.350000381469727,24.350000381469727,24.25,24.25,0,0.0,0.0,0.0
2023-08-17 11:30:00-04:00,24.350000381469727,24.350000381469727,24.350000381469727,24.350000381469727,823,0.0,0.0,0.0
2023-08-17 12:30:00-04:00,24.270000457763672,24.270000457763672,24.25,24.25,590,0.0,0.0,0.0
2023-08-17 15:30:00-04:00,24.25,24.360000610351562,24.25,24.360000610351562,2357,0.0,0.0,0.0
2023-08-18 10:30:00-04:00,24.34000015258789,24.34760093688965,24.34000015258789,24.34760093688965,0,0.0,0.0,0.0
2023-08-18 11:30:00-04:00,24.270000457763672,24.287900924682617,24.270000457763672,24.270000457763672,900,0.0,0.0,0.0
2023-08-18 12:30:00-04:00,24.280000686645508,24.280000686645508,24.229999542236328,24.239999771118164,1358,0.0,0.0,0.0
2023-08-21 13:30:00-04:00,24.120100021362305,24.120100021362305,24.120100021362305,24.120100021362305,0,0.0,0.0,0.0
2023-08-22 13:30:00-04:00,24.170000076293945,24.170000076293945,24.170000076293945,24.170000076293945,0,0.0,0.0,0.0
2023-08-23 12:30:00-04:00,24.200000762939453,24.260499954223633,24.200000762939453,24.2450008392334,1045,0.0,0.0,0.0
2023-08-24 09:30:00-04:00,24.29599952697754,24.29599952697754,24.29599952697754,24.29599952697754,0,0.0,0.0,0.0
2023-08-24 10:30:00-04:00,24.329999923706055,24.329999923706055,24.200000762939453,24.200000762939453,0,0.0,0.0,0.0
2023-08-25 12:30:00-04:00,24.287599563598633,24.287599563598633,24.287599563598633,24.287599563598633,400,0.0,0.0,0.0
2023-08-25 13:30:00-04:00,24.313600540161133,24.313600540161133,24.313600540161133,24.313600540161133,120,0.0,0.0,0.0
2023-08-25 14:30:00-04:00,24.360000610351562,24.374000549316406,24.360000610351562,24.374000549316406,300,0.0,0.0,0.0
2023-08-28 09:30:00-04:00,24.200000762939453,24.200000762939453,24.200000762939453,24.200000762939453,0,0.0,0.0,0.0
2023-08-28 12:30:00-04:00,24.280000686645508,24.329999923706055,24.280000686645508,24.280000686645508,2942,0.0,0.0,0.0
2023-08-28 13:30:00-04:00,24.31999969482422,24.329999923706055,24.280000686645508,24.290000915527344,3227,0.0,0.0,0.0
2023-08-28 14:30:00-04:00,24.299999237060547,24.299999237060547,24.299999237060547,24.299999237060547,206,0.0,0.0,0.0
2023-08-28 15:30:00-04:00,24.36440086364746,24.36440086364746,24.36440086364746,24.36440086364746,100,0.0,0.0,0.0
2023-08-29 10:30:00-04:00,24.300100326538086,24.350000381469727,24.300100326538086,24.350000381469727,0,0.0,0.0,0.0
2023-08-29 11:30:00-04:00,24.299999237060547,24.300100326538086,24.299999237060547,24.300100326538086,300,0.0,0.0,0.0
2023-08-29 13:30:00-04:00,24.299999237060547,24.350000381469727,24.299999237060547,24.350000381469727,386,0.0,0.0,0.0
2023-08-29 15:30:00-04:00,24.389999389648438,24.399999618530273,24.389999389648438,24.398300170898438,0,0.0,0.0,0.0
2023-08-30 13:30:00-04:00,24.418100357055664,24.418100357055664,24.418100357055664,24.418100357055664,123,0.0,0.0,0.0
2023-08-30 14:30:00-04:00,24.399999618530273,24.43000030517578,24.399999618530273,24.43000030517578,450,0.0,0.0,0.0
2023-08-31 11:30:00-04:00,24.456199645996094,24.456199645996094,24.456199645996094,24.456199645996094,0,0.0,0.0,0.0
2023-08-31 14:30:00-04:00,24.40999984741211,24.44499969482422,24.399999618530273,24.399999618530273,1050,0.0,0.0,0.0
2023-09-01 09:30:00-04:00,24.489999771118164,24.540000915527344,24.489999771118164,24.540000915527344,0,0.0,0.0,0.0
2023-09-05 09:30:00-04:00,24.540000915527344,24.540000915527344,24.3700008392334,24.389999389648438,121,0.0,0.0,0.0
2023-09-05 10:30:00-04:00,24.469999313354492,24.829999923706055,24.3799991607666,24.56999969482422,0,0.0,0.0,0.0
2023-09-06 09:30:00-04:00,24.489999771118164,24.700000762939453,24.40999984741211,24.559999465942383,3070,0.0,0.0,0.0
2023-09-06 15:30:00-04:00,24.43000030517578,24.43000030517578,24.43000030517578,24.43000030517578,0,0.0,0.0,0.0
2023-09-07 11:30:00-04:00,24.510000228881836,24.6200008392334,24.415000915527344,24.469999313354492,4444,0.0,0.0,0.0
2023-09-07 12:30:00-04:00,24.420000076293945,24.440000534057617,24.300100326538086,24.440000534057617,1411,0.0,0.0,0.0
2023-09-08 09:30:00-04:00,24.299999237060547,24.489999771118164,24.299999237060547,24.450000762939453,0,0.0,0.0,0.0
2023-09-08 13:30:00-04:00,24.43000030517578,24.43000030517578,24.40760040283203,24.40760040283203,902,0.0,0.0,0.0
2023-09-11 09:30:00-04:00,24.440000534057617,24.440000534057617,24.440000534057617,24.440000534057617,0,0.0,0.0,0.0
2023-09-11 10:30:00-04:00,24.450000762939453,24.510000228881836,24.450000762939453,24.489999771118164,1622,0.0,0.0,0.0
2023-09-11 15:30:00-04:00,24.600000381469727,24.600000381469727,24.600000381469727,24.600000381469727,0,0.0,0.0,0.0
2023-09-12 09:30:00-04:00,24.600000381469727,24.600000381469727,24.600000381469727,24.600000381469727,202,0.0,0.0,0.0
2023-09-12 10:30:00-04:00,24.459999084472656,24.489999771118164,24.389999389648438,24.389999389648438,2597,0.0,0.0,0.0
2023-09-12 14:30:00-04:00,24.479999542236328,24.479999542236328,24.479999542236328,24.479999542236328,105,0.0,0.0,0.0
2023-09-13 09:30:00-04:00,24.399999618530273,24.399999618530273,24.399999618530273,24.399999618530273,0,0.0,0.0,0.0
2023-09-13 10:30:00-04:00,24.421600341796875,24.421600341796875,24.421600341796875,24.421600341796875,609,0.0,0.0,0.0
2023-09-13 15:30:00-04:00,24.440000534057617,24.440000534057617,24.440000534057617,24.440000534057617,617,0.0,0.0,0.0
2023-09-14 09:30:00-04:00,24.100000381469727,24.290000915527344,24.100000381469727,24.290000915527344,0,0.0,0.0,0.0
2023-09-14 11:30:00-04:00,24.05120086669922,24.05120086669922,24.05120086669922,24.05120086669922,492,0.0,0.0,0.0
2023-09-14 15:30:00-04:00,24.290000915527344,24.290000915527344,24.290000915527344,24.290000915527344,0,0.0,0.0,0.0
2023-09-15 15:30:00-04:00,24.360000610351562,24.360000610351562,24.360000610351562,24.360000610351562,461,0.0,0.0,0.0
2023-09-18 10:30:00-04:00,24.239999771118164,24.389999389648438,24.239999771118164,24.329999923706055,610,0.0,0.0,0.0
2023-09-18 11:30:00-04:00,24.399999618530273,24.399999618530273,24.399999618530273,24.399999618530273,231,0.0,0.0,0.0
2023-09-18 12:30:00-04:00,24.399999618530273,24.444700241088867,24.399999618530273,24.399999618530273,999,0.0,0.0,0.0
2023-09-18 13:30:00-04:00,24.399999618530273,24.399999618530273,24.399999618530273,24.399999618530273,0,0.0,0.0,0.0
2023-09-19 09:30:00-04:00,24.450000762939453,24.450000762939453,24.400100708007812,24.43589973449707,1366,0.0,0.0,0.0
2023-09-19 10:30:00-04:00,24.440000534057617,24.440000534057617,24.399999618530273,24.399999618530273,1612,0.0,0.0,0.0
2023-09-19 12:30:00-04:00,24.3700008392334,24.3700008392334,24.3700008392334,24.3700008392334,107,0.0,0.0,0.0
2023-09-19 14:30:00-04:00,24.399999618530273,24.41900062561035,24.399999618530273,24.41900062561035,0,0.0,0.0,0.0
2023-09-20 13:30:00-04:00,24.25,24.25,24.25,24.25,151,0.0,0.0,0.0
2023-09-21 09:30:00-04:00,24.267900466918945,24.267900466918945,24.200000762939453,24.200000762939453,0,0.0,0.0,0.0
2023-09-21 15:30:00-04:00,24.354700088500977,24.363399505615234,24.350000381469727,24.363399505615234,3235,0.0,0.0,0.0
2023-09-22 09:30:00-04:00,24.329999923706055,24.329999923706055,24.229999542236328,24.229999542236328,0,0.0,0.0,0.0
2023-09-22 10:30:00-04:00,24.329999923706055,24.329999923706055,24.30109977722168,24.30109977722168,765,0.0,0.0,0.0
2023-09-22 11:30:00-04:00,24.329999923706055,24.329999923706055,24.270000457763672,24.270000457763672,1100,0.0,0.0,0.0
2023-09-22 12:30:00-04:00,24.270000457763672,24.389999389648438,24.200000762939453,24.389999389648438,1102,0.0,0.0,0.0
2023-09-25 13:30:00-04:00,24.06999969482422,24.100000381469727,23.989999771118164,24.079999923706055,802,0.0,0.0,0.0
2023-09-25 14:30:00-04:00,24.09000015258789,24.09000015258789,24.09000015258789,24.09000015258789,211,0.0,0.0,0.0
2023-09-25 15:30:00-04:00,24.09000015258789,24.09000015258789,24.09000015258789,24.09000015258789,0,0.0,0.0,0.0
2023-09-27 13:30:00-04:00,24.299999237060547,24.299999237060547,24.280000686645508,24.280000686645508,494,0.0,0.0,0.0
2023-09-27 14:30:00-04:00,24.350000381469727,24.350000381469727,24.350000381469727,24.350000381469727,110,0.0,0.0,0.0
2023-09-27 15:30:00-04:00,24.25,24.25,24.25,24.25,0,0.0,0.0,0.0
2023-09-28 14:30:00-04:00,24.1210994720459,24.1210994720459,24.1210994720459,24.1210994720459,218,0.0,0.0,0.0
2023-09-28 15:30:00-04:00,24.25,24.25,24.25,24.25,0,0.0,0.0,0.0
2023-09-29 09:30:00-04:00,24.139999389648438,24.200000762939453,24.110000610351562,24.139999389648438,1829,0.0,0.0,0.0
2023-09-29 10:30:00-04:00,24.270000457763672,24.270000457763672,24.079999923706055,24.1200008392334,1640,0.0,0.0,0.0
2023-09-29 11:30:00-04:00,24.260000228881836,24.260000228881836,24.170000076293945,24.229999542236328,2863,0.0,0.0,0.0
2023-09-29 12:30:00-04:00,24.209999084472656,24.25,24.18000030517578,24.209999084472656,3287,0.0,0.0,0.0
2023-09-29 14:30:00-04:00,24.209999084472656,24.249900817871094,24.209999084472656,24.249900817871094,517,0.0,0.0,0.0
2023-10-02 09:30:00-04:00,24.25,24.25,23.979999542236328,24.15999984741211,0,0.0,0.0,0.0
2023-10-02 10:30:00-04:00,24.020000457763672,24.139999389648438,24.020000457763672,24.059999465942383,509,0.0,0.0,0.0
2023-10-02 11:30:00-04:00,24.100000381469727,24.100000381469727,23.989999771118164,24.059999465942383,1025,0.0,0.0,0.0
2023-10-02 12:30:00-04:00,24.040000915527344,24.040000915527344,24.040000915527344,24.040000915527344,311,0.0,0.0,0.0
2023-10-02 13:30:00-04:00,23.989999771118164,24.110000610351562,23.989999771118164,24.110000610351562,349,0.0,0.0,0.0
2023-10-02 15:30:00-04:00,24.040000915527344,24.059999465942383,24.040000915527344,24.059999465942383,0,0.0,0.0,0.0
2023-10-03 09:30:00-04:00,24.18000030517578,24.209999084472656,24.170000076293945,24.209999084472656,1414,0.0,0.0,0.0
2023-10-03 10:30:00-04:00,24.229999542236328,24.229999542236328,24.229999542236328,24.229999542236328,277,0.0,0.0,0.0
2023-10-03 12:30:00-04:00,24.199899673461914,24.199899673461914,24.110000610351562,24.110000610351562,1127,0.0,0.0,0.0
2023-10-03 14:30:00-04:00,24.079999923706055,24.149999618530273,23.940000534057617,24.041000366210938,4885,0.0,0.0,0.0
2023-10-03 15:30:00-04:00,24.040000915527344,24.040000915527344,24.020000457763672,24.040000915527344,0,0.0,0.0,0.0
2023-10-04 09:30:00-04:00,24.0,24.149999618530273,23.969999313354492,24.1200008392334,1670,0.0,0.0,0.0
2023-10-04 10:30:00-04:00,23.899999618530273,24.010000228881836,23.899999618530273,23.899999618530273,873,0.0,0.0,0.0
2023-10-04 11:30:00-04:00,23.899999618530273,24.18000030517578,23.899999618530273,24.18000030517578,3351,0.0,0.0,0.0
2023-10-04 12:30:00-04:00,24.200000762939453,24.200000762939453,24.200000762939453,24.200000762939453,860,0.0,0.0,0.0
2023-10-04 13:30:00-04:00,24.09000015258789,24.149999618530273,24.09000015258789,24.149999618530273,0,0.0,0.0,0.0
2023-10-05 09:30:00-04:00,24.010000228881836,24.06999969482422,23.770000457763672,24.020000457763672,6803,0.0,0.0,0.0
2023-10-05 11:30:00-04:00,23.78499984741211,23.959999084472656,23.78499984741211,23.959999084472656,1889,0.0,0.0,0.0
2023-10-05 12:30:00-04:00,23.8700008392334,23.959999084472656,23.68000030517578,23.959999084472656,3534,0.0,0.0,0.0
2023-10-05 13:30:00-04:00,23.81999969482422,23.920000076293945,23.799999237060547,23.799999237060547,812,0.0,0.0,0.0
2023-10-05 15:30:00-04:00,23.8700008392334,23.8700008392334,23.850000381469727,23.8700008392334,0,0.0,0.0,0.0
2023-10-06 10:30:00-04:00,23.860000610351562,23.860000610351562,23.850000381469727,23.860000610351562,420,0.0,0.0,0.0
2023-10-06 11:30:00-04:00,23.86590003967285,23.86989974975586,23.86590003967285,23.86989974975586,2300,0.0,0.0,0.0
2023-10-06 12:30:00-04:00,23.86989974975586,23.8700008392334,23.850000381469727,23.86989974975586,1498,0.0,0.0,0.0
2023-10-06 13:30:00-04:00,23.8799991607666,24.25,23.860000610351562,24.18000030517578,3538,0.0,0.0,0.0
2023-10-06 14:30:00-04:00,24.040000915527344,24.049999237060547,23.889999389648438,24.040000915527344,1065,0.0,0.0,0.0
2023-10-06 15:30:00-04:00,24.040000915527344,24.139999389648438,23.780000686645508,23.790000915527344,7062,0.0,0.0,0.0
2023-10-09 09:30:00-04:00,23.93000030517578,24.040000915527344,23.93000030517578,24.010000228881836,0,0.0,0.0,0.0
2023-10-09 10:30:00-04:00,23.850000381469727,23.850000381469727,23.850000381469727,23.850000381469727,102,0.0,0.0,0.0
2023-10-09 11:30:00-04:00,23.86870002746582,24.0,23.86870002746582,23.989999771118164,2106,0.0,0.0,0.0
2023-10-09 12:30:00-04:00,24.139999389648438,24.139999389648438,24.139999389648438,24.139999389648438,405,0.0,0.0,0.0
2023-10-09 13:30:00-04:00,24.149999618530273,24.200000762939453,23.920000076293945,23.989999771118164,4214,0.0,0.0,0.0
2023-10-09 14:30:00-04:00,23.940000534057617,24.100000381469727,23.940000534057617,23.989999771118164,3439,0.0,0.0,0.0
2023-10-09 15:30:00-04:00,23.950000762939453,24.059999465942383,23.899999618530273,23.899999618530273,0,0.0,0.0,0.0
2023-10-10 09:30:00-04:00,23.989999771118164,24.079999923706055,23.940000534057617,24.079999923706055,3410,0.0,0.0,0.0
2023-10-10 11:30:00-04:00,24.010000228881836,24.010000228881836,24.010000228881836,24.010000228881836,300,0.0,0.0,0.0
2023-10-10 13:30:00-04:00,23.93000030517578,23.950000762939453,23.93000030517578,23.950000762939453,501,0.0,0.0,0.0
2023-10-10 14:30:00-04:00,23.90999984741211,24.040000915527344,23.90999984741211,23.920000076293945,1315,0.0,0.0,0.0
2023-10-10 15:30:00-04:00,23.969999313354492,24.110000610351562,23.959999084472656,24.100000381469727,1528,0.0,0.0,0.0
2023-10-11 09:30:00-04:00,24.100000381469727,24.100000381469727,23.989999771118164,24.0,0,0.0,0.0,0.0
2023-10-11 10:30:00-04:00,24.010000228881836,24.100000381469727,23.93000030517578,23.940000534057617,1947,0.0,0.0,0.0
2023-10-11 11:30:00-04:00,23.9689998626709,23.9689998626709,23.9689998626709,23.9689998626709,501,0.0,0.0,0.0
2023-10-11 12:30:00-04:00,23.969999313354492,23.989999771118164,23.969999313354492,23.989999771118164,996,0.0,0.0,0.0
2023-10-11 13:30:00-04:00,23.989999771118164,24.000099182128906,23.969999313354492,24.000099182128906,510,0.0,0.0,0.0
2023-10-11 14:30:00-04:00,23.950000762939453,23.950000762939453,23.920000076293945,23.920000076293945,0,0.0,0.0,0.0
2023-10-12 09:30:00-04:00,24.059999465942383,24.059999465942383,24.059999465942383,24.059999465942383,101,0.0,0.0,0.0
2023-10-12 10:30:00-04:00,24.0,24.0,24.0,24.0,150,0.0,0.0,0.0
2023-10-12 11:30:00-04:00,23.940000534057617,24.049999237060547,23.799999237060547,24.049999237060547,1492,0.0,0.0,0.0
2023-10-12 15:30:00-04:00,24.21980094909668,24.21980094909668,24.0,24.0,0,0.0,0.0,0.0
2023-10-13 09:30:00-04:00,24.020000457763672,24.040000915527344,24.0,24.0,1029,0.0,0.0,0.0
2023-10-16 09:30:00-04:00,24.149999618530273,24.149999618530273,24.149999618530273,24.149999618530273,0,0.0,0.0,0.0
2023-10-16 10:30:00-04:00,24.19230079650879,24.19230079650879,24.19230079650879,24.19230079650879,486,0.0,0.0,0.0
2023-10-16 12:30:00-04:00,24.02280044555664,24.02280044555664,24.02280044555664,24.02280044555664,241,0.0,0.0,0.0
2023-10-16 13:30:00-04:00,24.139999389648438,24.149999618530273,24.139999389648438,24.149999618530273,407,0.0,0.0,0.0
2023-10-16 14:30:00-04:00,24.1299991607666,24.1299991607666,24.1299991607666,24.1299991607666,0,0.0,0.0,0.0
2023-10-17 14:30:00-04:00,24.149999618530273,24.149999618530273,24.149999618530273,24.149999618530273,499,0.0,0.0,0.0
2023-10-17 15:30:00-04:00,24.153799057006836,24.153799057006836,24.153799057006836,24.153799057006836,0,0.0,0.0,0.0
2023-10-18 15:30:00-04:00,24.045000076293945,24.045000076293945,24.045000076293945,24.045000076293945,516,0.0,0.0,0.0
2023-10-19 10:30:00-04:00,24.079999923706055,24.079999923706055,24.049999237060547,24.049999237060547,303,0.0,0.0,0.0
2023-10-19 14:30:00-04:00,24.0,24.15999984741211,24.0,24.09000015258789,2895,0.0,0.0,0.0
2023-10-19 15:30:00-04:00,24.160900115966797,24.160900115966797,24.160900115966797,24.160900115966797,266,0.0,0.0,0.0
2023-10-20 09:30:00-04:00,24.010000228881836,24.139999389648438,24.010000228881836,24.139999389648438,0,0.0,0.0,0.0
2023-10-20 10:30:00-04:00,24.222400665283203,24.222400665283203,23.860000610351562,23.860000610351562,407,0.0,0.0,0.0
2023-10-20 14:30:00-04:00,23.950000762939453,23.950000762939453,23.950000762939453,23.950000762939453,100,0.0,0.0,0.0
2023-10-23 10:30:00-04:00,23.860000610351562,23.860000610351562,23.860000610351562,23.860000610351562,0,0.0,0.0,0.0
2023-10-23 13:30:00-04:00,24.0,24.079999923706055,24.0,24.079999923706055,500,0.0,0.0,0.0
2023-10-24 10:30:00-04:00,24.0,24.0,24.0,24.0,0,0.0,0.0,0.0
2023-10-24 13:30:00-04:00,24.0,24.0,24.0,24.0,0,0.0,0.0,0.0
2023-10-25 12:30:00-04:00,23.950000762939453,23.950000762939453,23.950000762939453,23.950000762939453,100,0.0,0.0,0.0
2023-10-25 13:30:00-04:00,23.950000762939453,23.950000762939453,23.950000762939453,23.950000762939453,0,0.0,0.0,0.0
2023-10-27 11:30:00-04:00,24.249900817871094,24.249900817871094,24.249900817871094,24.249900817871094,592,0.0,0.0,0.0
2023-10-27 13:30:00-04:00,23.860000610351562,23.860000610351562,23.860000610351562,23.860000610351562,1669,0.0,0.0,0.0
2023-10-30 09:30:00-04:00,23.8799991607666,23.8799991607666,23.8799991607666,23.8799991607666,0,0.0,0.0,0.0
2023-10-30 13:30:00-04:00,23.950000762939453,23.950000762939453,23.950000762939453,23.950000762939453,215,0.0,0.0,0.0
2023-10-30 14:30:00-04:00,23.920000076293945,23.920000076293945,23.860000610351562,23.860000610351562,300,0.0,0.0,0.0
2023-10-30 15:30:00-04:00,23.860000610351562,23.860000610351562,23.860000610351562,23.860000610351562,0,0.0,0.0,0.0
2023-11-02 15:30:00-04:00,24.0,24.0,23.8700008392334,24.0,212,0.0,0.0,0.0
2023-11-03 12:30:00-04:00,23.940000534057617,23.940000534057617,23.93000030517578,23.93000030517578,644,0.0,0.0,0.0
2023-11-03 13:30:00-04:00,23.937599182128906,23.937599182128906,23.937599182128906,23.937599182128906,2035,0.0,0.0,0.0
2023-11-03 15:30:00-04:00,23.975000381469727,24.0,23.975000381469727,24.0,608,0.0,0.0,0.0
2023-11-06 09:30:00-05:00,24.1200008392334,24.18000030517578,24.1200008392334,24.18000030517578,0,0.0,0.0,0.0
2023-11-06 11:30:00-05:00,24.1299991607666,24.18000030517578,24.1299991607666,24.15999984741211,671,0.0,0.0,0.0
2023-11-06 13:30:00-05:00,24.052900314331055,24.052900314331055,24.052900314331055,24.052900314331055,0,0.0,0.0,0.0
2023-11-07 10:30:00-05:00,23.922000885009766,23.922000885009766,23.922000885009766,23.922000885009766,152,0.0,0.0,0.0
2023-11-07 14:30:00-05:00,24.12700080871582,24.12700080871582,24.12700080871582,24.12700080871582,225,0.0,0.0,0.0
2023-11-07 15:30:00-05:00,24.020000457763672,24.020000457763672,24.020000457763672,24.020000457763672,375,0.0,0.0,0.0
2023-11-08 09:30:00-05:00,24.059999465942383,24.059999465942383,24.059999465942383,24.059999465942383,0,0.0,0.0,0.0
2023-11-13 14:30:00-05:00,24.161699295043945,24.161699295043945,24.161699295043945,24.161699295043945,0,0.0,0.0,0.0
2023-11-14 09:30:00-05:00,24.110000610351562,24.200000762939453,24.079999923706055,24.11009979248047,2096,0.0,0.0,0.0
2023-11-14 10:30:00-05:00,24.113800048828125,24.200000762939453,24.113800048828125,24.200000762939453,1001,0.0,0.0,0.0
2023-11-14 11:30:00-05:00,24.165000915527344,24.225000381469727,24.165000915527344,24.225000381469727,4106,0.0,0.0,0.0
2023-11-14 13:30:00-05:00,24.200199127197266,24.200199127197266,24.200000762939453,24.200000762939453,272,0.0,0.0,0.0
2023-11-14 14:30:00-05:00,24.1299991607666,24.20009994506836,24.1299991607666,24.20009994506836,1450,0.0,0.0,0.0
2023-11-15 09:30:00-05:00,24.200000762939453,24.200000762939453,24.199899673461914,24.199899673461914,0,0.0,0.0,0.0
2023-11-15 10:30:00-05:00,24.200199127197266,24.200300216674805,24.200199127197266,24.200300216674805,260,0.0,0.0,0.0
2023-11-15 13:30:00-05:00,24.200000762939453,24.200000762939453,24.200000762939453,24.200000762939453,170,0.0,0.0,0.0
2023-11-15 15:30:00-05:00,24.270000457763672,24.31999969482422,24.270000457763672,24.299999237060547,699,0.0,0.0,0.0
2023-11-16 10:30:00-05:00,24.228200912475586,24.228200912475586,24.228200912475586,24.228200912475586,0,0.0,0.0,0.0
2023-11-16 11:30:00-05:00,24.200000762939453,24.200000762939453,24.200000762939453,24.200000762939453,103,0.0,0.0,0.0
2023-11-16 14:30:00-05:00,24.299999237060547,24.299999237060547,24.299999237060547,24.299999237060547,203,0.0,0.0,0.0
2023-11-16 15:30:00-05:00,24.309999465942383,24.309999465942383,23.920000076293945,24.260000228881836,0,0.0,0.0,0.0
2023-11-17 13:30:00-05:00,24.25,24.25,24.25,24.25,834,0.0,0.0,0.0
2023-11-17 14:30:00-05:00,24.150400161743164,24.150400161743164,24.150400161743164,24.150400161743164,142,0.0,0.0,0.0
2023-11-17 15:30:00-05:00,24.270000457763672,24.270000457763672,24.200000762939453,24.200000762939453,202,0.0,0.0,0.0
2023-11-20 09:30:00-05:00,24.09000015258789,24.110000610351562,24.09000015258789,24.09000015258789,0,0.0,0.0,0.0
2023-11-20 10:30:00-05:00,24.200000762939453,24.259899139404297,24.200000762939453,24.259899139404297,375,0.0,0.0,0.0
2023-11-20 13:30:00-05:00,24.229999542236328,24.260000228881836,24.229999542236328,24.260000228881836,1121,0.0,0.0,0.0
2023-11-20 14:30:00-05:00,24.280000686645508,24.280000686645508,24.200000762939453,24.209999084472656,1832,0.0,0.0,0.0
2023-11-20 15:30:00-05:00,24.229999542236328,24.229999542236328,24.229999542236328,24.229999542236328,458,0.0,0.0,0.0
2023-11-21 10:30:00-05:00,24.229999542236328,24.229999542236328,24.229999542236328,24.229999542236328,0,0.0,0.0,0.0
2023-11-21 11:30:00-05:00,24.239999771118164,24.239999771118164,24.239999771118164,24.239999771118164,114,0.0,0.0,0.0
2023-11-21 12:30:00-05:00,24.149999618530273,24.149999618530273,24.059999465942383,24.059999465942383,217,0.0,0.0,0.0
2023-11-21 14:30:00-05:00,24.170000076293945,24.204700469970703,24.170000076293945,24.204700469970703,205,0.0,0.0,0.0
2023-11-21 15:30:00-05:00,24.280000686645508,24.280000686645508,24.280000686645508,24.280000686645508,126,0.0,0.0,0.0
2023-11-22 09:30:00-05:00,24.260000228881836,24.3700008392334,24.260000228881836,24.34000015258789,0,0.0,0.0,0.0
2023-11-22 11:30:00-05:00,24.354999542236328,24.354999542236328,24.354999542236328,24.354999542236328,800,0.0,0.0,0.0
2023-11-22 12:30:00-05:00,24.229999542236328,24.239999771118164,24.229999542236328,24.239999771118164,238,0.0,0.0,0.0
2023-11-24 10:30:00-05:00,24.260000228881836,24.260099411010742,24.260000228881836,24.260099411010742,243,0.0,0.0,0.0
2023-11-27 09:30:00-05:00,24.600000381469727,24.75,24.350000381469727,24.489999771118164,1512,0.0,0.0,0.0
2023-11-27 10:30:00-05:00,24.25,24.25,24.219999313354492,24.219999313354492,525,0.0,0.0,0.0
2023-11-27 14:30:00-05:00,24.329999923706055,24.329999923706055,24.329999923706055,24.329999923706055,0,0.0,0.0,0.0
2023-11-28 09:30:00-05:00,24.350000381469727,24.489999771118164,24.350000381469727,24.450000762939453,1006,0.0,0.0,0.0
2023-11-28 10:30:00-05:00,24.549999237060547,24.549999237060547,24.5,24.5,600,0.0,0.0,0.0
2023-11-28 12:30:00-05:00,24.345800399780273,24.399999618530273,24.31999969482422,24.31999969482422,810,0.0,0.0,0.0
2023-11-29 09:30:00-05:00,24.270000457763672,24.270000457763672,24.200000762939453,24.209999084472656,385,0.0,0.0,0.0
2023-11-29 12:30:00-05:00,24.299999237060547,24.350000381469727,24.299999237060547,24.350000381469727,400,0.0,0.0,0.0
2023-11-29 13:30:00-05:00,24.299999237060547,24.299999237060547,24.299999237060547,24.299999237060547,800,0.0,0.0,0.0
2023-11-30 13:30:00-05:00,24.329999923706055,24.329999923706055,24.329999923706055,24.329999923706055,222,0.0,0.0,0.0
2023-12-01 10:30:00-05:00,24.219999313354492,24.219999313354492,24.219999313354492,24.219999313354492,65,0.0,0.0,0.0
2023-12-01 13:30:00-05:00,24.295000076293945,24.399999618530273,24.295000076293945,24.375,2100,0.0,0.0,0.0
2023-12-01 14:30:00-05:00,24.399999618530273,24.399999618530273,24.399999618530273,24.399999618530273,100,0.0,0.0,0.0
2023-12-04 11:30:00-05:00,24.38010025024414,24.38010025024414,24.38010025024414,24.38010025024414,0,0.0,0.0,0.0
2023-12-04 14:30:00-05:00,24.250099182128906,24.250099182128906,24.250099182128906,24.250099182128906,538,0.0,0.0,0.0
2023-12-04 15:30:00-05:00,24.3700008392334,24.3700008392334,24.3700008392334,24.3700008392334,0,0.0,0.0,0.0
2023-12-06 09:30:00-05:00,24.3700008392334,24.3700008392334,24.3700008392334,24.3700008392334,380,0.0,0.0,0.0
2023-12-06 10:30:00-05:00,24.5,24.5,24.5,24.5,0,0.0,0.0,0.0
2023-12-08 09:30:00-05:00,24.375,24.375,24.375,24.375,277,0.0,0.0,0.0
2023-12-08 13:30:00-05:00,24.5,24.5,24.5,24.5,504,0.0,0.0,0.0
2023-12-08 14:30:00-05:00,24.49679946899414,24.600000381469727,24.49679946899414,24.600000381469727,400,0.0,0.0,0.0
2023-12-08 15:30:00-05:00,24.420000076293945,24.420000076293945,24.399999618530273,24.399999618530273,402,0.0,0.0,0.0
2023-12-11 11:30:00-05:00,24.4064998626709,24.4064998626709,24.4064998626709,24.4064998626709,0,0.0,0.0,0.0
2023-12-11 12:30:00-05:00,24.549999237060547,24.600000381469727,24.549999237060547,24.549999237060547,3302,0.0,0.0,0.0
2023-12-11 14:30:00-05:00,24.510000228881836,24.510000228881836,24.399999618530273,24.399999618530273,1132,0.0,0.0,0.0
2023-12-12 10:30:00-05:00,24.600000381469727,24.600000381469727,24.600000381469727,24.600000381469727,0,0.0,0.0,0.0
2023-12-12 11:30:00-05:00,24.399999618530273,24.549999237060547,24.389999389648438,24.540000915527344,1301,0.0,0.0,0.0
2023-12-12 12:30:00-05:00,24.520000457763672,24.520000457763672,24.520000457763672,24.520000457763672,100,0.0,0.0,0.0
2023-12-12 13:30:00-05:00,24.540000915527344,24.540000915527344,24.540000915527344,24.540000915527344,100,0.0,0.0,0.0
2023-12-12 14:30:00-05:00,24.540000915527344,24.549999237060547,24.540000915527344,24.549999237060547,0,0.0,0.0,0.0
2023-12-13 13:30:00-05:00,24.399999618530273,24.399999618530273,24.25,24.25,1000,0.0,0.0,0.0
2023-12-13 14:30:00-05:00,24.40999984741211,24.40999984741211,24.40999984741211,24.40999984741211,100,0.0,0.0,0.0
2023-12-14 09:30:00-05:00,,,,,0,0.43,0.0,0.0
2023-12-14 10:30:00-05:00,24.389999389648438,24.389999389648438,24.3700008392334,24.389999389648438,0,0.0,0.0,0.0
2023-12-14 11:30:00-05:00,24.350000381469727,24.399999618530273,24.299999237060547,24.299999237060547,714,0.0,0.0,0.0
2023-12-14 12:30:00-05:00,24.290000915527344,24.290000915527344,24.290000915527344,24.290000915527344,195,0.0,0.0,0.0
2023-12-14 14:30:00-05:00,24.555400848388672,24.555400848388672,24.555400848388672,24.555400848388672,500,0.0,0.0,0.0
2023-12-15 11:30:00-05:00,24.250099182128906,24.431699752807617,24.06999969482422,24.431699752807617,1358,0.0,0.0,0.0
2023-12-15 14:30:00-05:00,24.299999237060547,24.299999237060547,24.299999237060547,24.299999237060547,100,0.0,0.0,0.0
2023-12-18 09:30:00-05:00,24.27199935913086,24.299999237060547,24.27199935913086,24.290000915527344,0,0.0,0.0,0.0
2023-12-18 10:30:00-05:00,24.46419906616211,24.46419906616211,24.46419906616211,24.46419906616211,400,0.0,0.0,0.0
2023-12-18 14:30:00-05:00,24.469999313354492,24.475000381469727,24.3799991607666,24.440000534057617,1475,0.0,0.0,0.0
2023-12-19 10:30:00-05:00,24.389999389648438,24.389999389648438,24.3700008392334,24.3700008392334,0,0.0,0.0,0.0
2023-12-19 11:30:00-05:00,24.3700008392334,24.3700008392334,24.3700008392334,24.3700008392334,308,0.0,0.0,0.0
2023-12-19 12:30:00-05:00,24.3700008392334,24.3700008392334,24.3700008392334,24.3700008392334,226,0.0,0.0,0.0
2023-12-19 13:30:00-05:00,24.3700008392334,24.43000030517578,24.3700008392334,24.43000030517578,859,0.0,0.0,0.0
2023-12-19 14:30:00-05:00,24.459999084472656,24.5,24.440000534057617,24.5,726,0.0,0.0,0.0
2023-12-20 10:30:00-05:00,24.375,24.399999618530273,24.290000915527344,24.290000915527344,3908,0.0,0.0,0.0
2023-12-20 11:30:00-05:00,24.299999237060547,24.339500427246094,24.299999237060547,24.339500427246094,554,0.0,0.0,0.0
2023-12-21 09:30:00-05:00,24.5,24.5,24.5,24.5,0,0.0,0.0,0.0
2023-12-21 10:30:00-05:00,24.43000030517578,24.479999542236328,24.43000030517578,24.479999542236328,441,0.0,0.0,0.0
2023-12-21 12:30:00-05:00,24.3799991607666,24.3799991607666,24.360000610351562,24.3700008392334,1097,0.0,0.0,0.0
2023-12-21 13:30:00-05:00,24.3700008392334,24.3700008392334,24.100099563598633,24.209999084472656,2000,0.0,0.0,0.0
2023-12-21 14:30:00-05:00,24.260000228881836,24.260000228881836,24.260000228881836,24.260000228881836,100,0.0,0.0,0.0
2023-12-21 15:30:00-05:00,24.443099975585938,24.443099975585938,24.443099975585938,24.443099975585938,0,0.0,0.0,0.0
2023-12-22 09:30:00-05:00,24.5,24.5,24.5,24.5,100,0.0,0.0,0.0
2023-12-22 10:30:00-05:00,24.374000549316406,24.374000549316406,24.34000015258789,24.34000015258789,1183,0.0,0.0,0.0
2023-12-22 11:30:00-05:00,24.25,24.299999237060547,24.25,24.29990005493164,2618,0.0,0.0,0.0
2023-12-22 12:30:00-05:00,24.299999237060547,24.34000015258789,24.299999237060547,24.34000015258789,1100,0.0,0.0,0.0
2023-12-26 12:30:00-05:00,24.399999618530273,24.399999618530273,24.34000015258789,24.34000015258789,516,0.0,0.0,0.0
2023-12-26 15:30:00-05:00,24.34000015258789,24.34000015258789,24.34000015258789,24.34000015258789,240,0.0,0.0,0.0
2023-12-27 12:30:00-05:00,24.450000762939453,24.450000762939453,24.450000762939453,24.450000762939453,0,0.0,0.0,0.0
2023-12-27 14:30:00-05:00,24.40999984741211,24.40999984741211,24.40999984741211,24.40999984741211,0,0.0,0.0,0.0
2023-12-28 14:30:00-05:00,24.399999618530273,24.399999618530273,24.399999618530273,24.399999618530273,140,0.0,0.0,0.0
2023-12-29 09:30:00-05:00,24.399999618530273,24.400100708007812,24.399999618530273,24.400100708007812,430,0.0,0.0,0.0
2023-12-29 10:30:00-05:00,24.43670082092285,24.43670082092285,24.399999618530273,24.399999618530273,976,0.0,0.0,0.0
2023-12-29 12:30:00-05:00,24.350000381469727,24.350000381469727,24.350000381469727,24.350000381469727,125,0.0,0.0,0.0
2023-12-29 14:30:00-05:00,24.399900436401367,24.399900436401367,24.399900436401367,24.399900436401367,410,0.0,0.0,0.0
2023-12-29 15:30:00-05:00,24.350000381469727,24.350000381469727,24.350000381469727,24.350000381469727,602,0.0,0.0,0.0
2024-01-02 09:30:00-05:00,24.420000076293945,24.420000076293945,24.420000076293945,24.420000076293945,0,0.0,0.0,0.0
2024-01-02 10:30:00-05:00,24.420000076293945,24.420000076293945,24.420000076293945,24.420000076293945,200,0.0,0.0,0.0
2024-01-02 12:30:00-05:00,24.420000076293945,24.44610023498535,24.420000076293945,24.44610023498535,1007,0.0,0.0,0.0
2024-01-02 13:30:00-05:00,24.420000076293945,24.43000030517578,24.420000076293945,24.43000030517578,550,0.0,0.0,0.0
2024-01-02 14:30:00-05:00,24.450000762939453,24.450000762939453,24.450000762939453,24.450000762939453,0,0.0,0.0,0.0
2024-01-03 09:30:00-05:00,24.479999542236328,24.480100631713867,24.479999542236328,24.480100631713867,668,0.0,0.0,0.0
2024-01-03 10:30:00-05:00,24.485000610351562,24.485000610351562,24.485000610351562,24.485000610351562,300,0.0,0.0,0.0
2024-01-03 11:30:00-05:00,24.479999542236328,24.479999542236328,24.3700008392334,24.370100021362305,3100,0.0,0.0,0.0
2024-01-03 12:30:00-05:00,24.469999313354492,24.469999313354492,24.469999313354492,24.469999313354492,299,0.0,0.0,0.0
2024-01-03 13:30:00-05:00,24.489999771118164,24.489999771118164,24.489999771118164,24.489999771118164,200,0.0,0.0,0.0
2024-01-03 15:30:00-05:00,24.43000030517578,24.43000030517578,24.43000030517578,24.43000030517578,0,0.0,0.0,0.0
2024-01-04 14:30:00-05:00,24.42009925842285,24.42009925842285,24.42009925842285,24.42009925842285,790,0.0,0.0,0.0
2024-01-05 09:30:00-05:00,24.489999771118164,24.489999771118164,24.479999542236328,24.480100631713867,403,0.0,0.0,0.0
2024-01-05 11:30:00-05:00,24.462200164794922,24.462200164794922,24.462200164794922,24.462200164794922,101,0.0,0.0,0.0
2024-01-05 13:30:00-05:00,24.479999542236328,24.489999771118164,24.479999542236328,24.489999771118164,1091,0.0,0.0,0.0
2024-01-05 14:30:00-05:00,24.5,24.5,24.499900817871094,24.499900817871094,720,0.0,0.0,0.0
2024-01-05 15:30:00-05:00,24.559999465942383,24.559999465942383,24.559999465942383,24.559999465942383,170,0.0,0.0,0.0
2024-01-08 11:30:00-05:00,24.579599380493164,24.579999923706055,24.579599380493164,24.57990074157715,202,0.0,0.0,0.0
2024-01-08 12:30:00-05:00,24.540000915527344,24.540000915527344,24.540000915527344,24.540000915527344,0,0.0,0.0,0.0
2024-01-08 14:30:00-05:00,24.579999923706055,24.579999923706055,24.579999923706055,24.579999923706055,1936,0.0,0.0,0.0
2024-01-08 15:30:00-05:00,24.700000762939453,24.700000762939453,24.700000762939453,24.700000762939453,100,0.0,0.0,0.0
2024-01-09 09:30:00-05:00,24.700000762939453,24.700000762939453,24.670000076293945,24.700000762939453,0,0.0,0.0,0.0
2024-01-09 11:30:00-05:00,24.670000076293945,24.700000762939453,24.670000076293945,24.700000762939453,200,0.0,0.0,0.0
2024-01-09 13:30:00-05:00,24.68000030517578,24.68000030517578,24.610000610351562,24.6200008392334,1750,0.0,0.0,0.0
2024-01-09 14:30:00-05:00,24.600299835205078,24.692699432373047,24.600000381469727,24.692699432373047,0,0.0,0.0,0.0
2024-01-09 15:30:00-05:00,24.600000381469727,24.600000381469727,24.600000381469727,24.600000381469727,3750,0.0,0.0,0.0
2024-01-10 10:30:00-05:00,24.592500686645508,24.592500686645508,24.592500686645508,24.592500686645508,0,0.0,0.0,0.0
2024-01-10 12:30:00-05:00,24.549999237060547,24.549999237060547,24.540000915527344,24.540000915527344,1595,0.0,0.0,0.0
2024-01-10 14:30:00-05:00,24.540000915527344,24.600000381469727,24.540000915527344,24.56999969482422,1762,0.0,0.0,0.0
2024-01-10 15:30:00-05:00,24.56999969482422,24.56999969482422,24.56999969482422,24.56999969482422,192,0.0,0.0,0.0
2024-01-11 09:30:00-05:00,24.56999969482422,24.56999969482422,24.56999969482422,24.56999969482422,0,0.0,0.0,0.0
2024-01-11 11:30:00-05:00,24.559999465942383,24.559999465942383,24.549999237060547,24.549999237060547,0,0.0,0.0,0.0
2024-01-11 13:30:00-05:00,24.51490020751953,24.51490020751953,24.51490020751953,24.51490020751953,0,0.0,0.0,0.0
2024-01-11 15:30:00-05:00,24.6299991607666,24.6299991607666,24.6299991607666,24.6299991607666,116,0.0,0.0,0.0
2024-01-12 14:30:00-05:00,24.61989974975586,24.61989974975586,24.61989974975586,24.61989974975586,100,0.0,0.0,0.0
2024-01-12 15:30:00-05:00,24.6200008392334,24.6200008392334,24.6200008392334,24.6200008392334,179,0.0,0.0,0.0
2024-01-16 10:30:00-05:00,24.600000381469727,24.600000381469727,24.599899291992188,24.599899291992188,610,0.0,0.0,0.0
2024-01-16 12:30:00-05:00,24.550800323486328,24.550800323486328,24.550800323486328,24.550800323486328,941,0.0,0.0,0.0
2024-01-16 14:30:00-05:00,24.550199508666992,24.569799423217773,24.549999237060547,24.569799423217773,995,0.0,0.0,0.0
2024-01-16 15:30:00-05:00,24.686599731445312,24.686599731445312,24.68000030517578,24.68000030517578,0,0.0,0.0,0.0
2024-01-17 11:30:00-05:00,24.614999771118164,24.614999771118164,24.614999771118164,24.614999771118164,0,0.0,0.0,0.0
2024-01-17 12:30:00-05:00,24.551799774169922,24.551799774169922,24.551799774169922,24.551799774169922,1032,0.0,0.0,0.0
2024-01-17 13:30:00-05:00,24.540000915527344,24.540000915527344,24.489999771118164,24.489999771118164,968,0.0,0.0,0.0
2024-01-17 14:30:00-05:00,24.510000228881836,24.540000915527344,24.440000534057617,24.532499313354492,3750,0.0,0.0,0.0
2024-01-18 10:30:00-05:00,24.483299255371094,24.549999237060547,24.25,24.549999237060547,1078,0.0,0.0,0.0
2024-01-18 11:30:00-05:00,24.68000030517578,24.68000030517578,24.667699813842773,24.667699813842773,889,0.0,0.0,0.0
2024-01-18 12:30:00-05:00,24.399999618530273,24.399999618530273,24.399999618530273,24.399999618530273,660,0.0,0.0,0.0
2024-01-18 15:30:00-05:00,24.5,24.540000915527344,24.5,24.5,0,0.0,0.0,0.0
2024-01-19 10:30:00-05:00,24.450000762939453,24.6200008392334,24.450000762939453,24.489999771118164,1318,0.0,0.0,0.0
2024-01-19 12:30:00-05:00,24.489999771118164,24.489999771118164,24.489999771118164,24.489999771118164,250,0.0,0.0,0.0
2024-01-19 13:30:00-05:00,24.559999465942383,24.600000381469727,24.559999465942383,24.600000381469727,407,0.0,0.0,0.0
2024-01-19 14:30:00-05:00,24.5,24.639999389648438,24.450000762939453,24.450000762939453,2774,0.0,0.0,0.0
2024-01-19 15:30:00-05:00,24.5,24.530000686645508,24.5,24.530000686645508,207,0.0,0.0,0.0
2024-01-22 09:30:00-05:00,24.440000534057617,24.600000381469727,24.40999984741211,24.559999465942383,0,0.0,0.0,0.0
2024-01-22 11:30:00-05:00,24.479999542236328,24.479999542236328,24.479999542236328,24.479999542236328,1000,0.0,0.0,0.0
2024-01-22 12:30:00-05:00,24.5,24.549999237060547,24.5,24.549999237060547,983,0.0,0.0,0.0
2024-01-22 13:30:00-05:00,24.739999771118164,24.739999771118164,24.739999771118164,24.739999771118164,104,0.0,0.0,0.0
2024-01-22 15:30:00-05:00,24.68000030517578,24.68000030517578,24.559999465942383,24.670000076293945,1893,0.0,0.0,0.0
2024-01-23 09:30:00-05:00,24.528400421142578,24.805299758911133,24.528400421142578,24.805299758911133,0,0.0,0.0,0.0
2024-01-23 10:30:00-05:00,24.700000762939453,24.700000762939453,24.550100326538086,24.6299991607666,905,0.0,0.0,0.0
2024-01-23 11:30:00-05:00,24.600000381469727,24.616899490356445,24.600000381469727,24.616899490356445,0,0.0,0.0,0.0
2024-01-24 10:30:00-05:00,24.610000610351562,24.610000610351562,24.559999465942383,24.559999465942383,505,0.0,0.0,0.0
2024-01-24 11:30:00-05:00,24.604999542236328,24.604999542236328,24.604999542236328,24.604999542236328,502,0.0,0.0,0.0
2024-01-24 12:30:00-05:00,24.610000610351562,24.610000610351562,24.549999237060547,24.59000015258789,390,0.0,0.0,0.0
2024-01-24 14:30:00-05:00,24.55940055847168,24.55940055847168,24.55940055847168,24.55940055847168,200,0.0,0.0,0.0
2024-01-24 15:30:00-05:00,24.5,24.530000686645508,24.5,24.5,1000,0.0,0.0,0.0
2024-01-25 09:30:00-05:00,24.649999618530273,24.649999618530273,24.649999618530273,24.649999618530273,0,0.0,0.0,0.0
2024-01-25 11:30:00-05:00,24.549999237060547,24.549999237060547,24.549999237060547,24.549999237060547,282,0.0,0.0,0.0
2024-01-25 14:30:00-05:00,24.56999969482422,24.56999969482422,24.56999969482422,24.56999969482422,216,0.0,0.0,0.0
2024-01-25 15:30:00-05:00,24.549999237060547,24.549999237060547,24.549999237060547,24.549999237060547,416,0.0,0.0,0.0
2024-01-26 10:30:00-05:00,24.67009925842285,24.67009925842285,24.67009925842285,24.67009925842285,0,0.0,0.0,0.0
2024-01-26 11:30:00-05:00,24.700000762939453,24.709999084472656,24.700000762939453,24.70989990234375,1321,0.0,0.0,0.0
2024-01-26 12:30:00-05:00,24.635099411010742,24.635099411010742,24.596599578857422,24.596599578857422,598,0.0,0.0,0.0
2024-01-26 14:30:00-05:00,24.59000015258789,24.6200008392334,24.59000015258789,24.61989974975586,1156,0.0,0.0,0.0
2024-01-29 09:30:00-05:00,24.6200008392334,24.620100021362305,24.6200008392334,24.620100021362305,0,0.0,0.0,0.0
2024-01-29 13:30:00-05:00,24.56999969482422,24.56999969482422,24.559999465942383,24.559999465942383,0,0.0,0.0,0.0
2024-01-30 12:30:00-05:00,24.559999465942383,24.559999465942383,24.559999465942383,24.559999465942383,0,0.0,0.0,0.0
2024-01-31 14:30:00-05:00,24.566600799560547,24.566600799560547,24.549999237060547,24.550100326538086,365,0.0,0.0,0.0
2024-02-01 09:30:00-05:00,24.6200008392334,24.68000030517578,24.6200008392334,24.68000030517578,499,0.0,0.0,0.0
2024-02-01 10:30:00-05:00,24.649999618530273,24.649999618530273,24.559999465942383,24.559999465942383,246,0.0,0.0,0.0
2024-02-01 12:30:00-05:00,24.590099334716797,24.590099334716797,24.59000015258789,24.59000015258789,981,0.0,0.0,0.0
2024-02-01 15:30:00-05:00,24.530000686645508,24.530000686645508,24.530000686645508,24.530000686645508,0,0.0,0.0,0.0
2024-02-02 09:30:00-05:00,24.670000076293945,24.670000076293945,24.59000015258789,24.639999389648438,922,0.0,0.0,0.0
2024-02-02 13:30:00-05:00,24.540000915527344,24.540000915527344,24.420000076293945,24.420000076293945,2000,0.0,0.0,0.0
2024-02-02 14:30:00-05:00,24.499300003051758,24.499300003051758,24.499300003051758,24.499300003051758,374,0.0,0.0,0.0
2024-02-02 15:30:00-05:00,24.422800064086914,24.531999588012695,24.422800064086914,24.531999588012695,599,0.0,0.0,0.0
2024-02-05 13:30:00-05:00,24.43000030517578,24.469999313354492,24.420000076293945,24.420000076293945,416,0.0,0.0,0.0
2024-02-05 14:30:00-05:00,24.49570083618164,24.49570083618164,24.47279930114746,24.47279930114746,870,0.0,0.0,0.0
2024-02-05 15:30:00-05:00,24.467300415039062,24.467300415039062,24.467300415039062,24.467300415039062,300,0.0,0.0,0.0
2024-02-06 09:30:00-05:00,24.440000534057617,24.45870018005371,24.440000534057617,24.45870018005371,0,0.0,0.0,0.0
2024-02-07 09:30:00-05:00,24.45009994506836,24.544200897216797,24.45009994506836,24.51420021057129,910,0.0,0.0,0.0
2024-02-07 11:30:00-05:00,24.475000381469727,24.499799728393555,24.475000381469727,24.499799728393555,500,0.0,0.0,0.0
2024-02-07 12:30:00-05:00,24.480199813842773,24.559999465942383,24.475000381469727,24.549999237060547,1840,0.0,0.0,0.0
2024-02-07 13:30:00-05:00,24.521499633789062,24.521499633789062,24.521499633789062,24.521499633789062,271,0.0,0.0,0.0
2024-02-07 15:30:00-05:00,24.450000762939453,24.459999084472656,24.270000457763672,24.389999389648438,7411,0.0,0.0,0.0
2024-02-08 10:30:00-05:00,24.43000030517578,24.43000030517578,24.389999389648438,24.389999389648438,0,0.0,0.0,0.0
2024-02-09 10:30:00-05:00,24.549999237060547,24.549999237060547,24.549999237060547,24.549999237060547,183,0.0,0.0,0.0
2024-02-09 11:30:00-05:00,24.600000381469727,24.600000381469727,24.50149917602539,24.50149917602539,1200,0.0,0.0,0.0
2024-02-09 13:30:00-05:00,24.510000228881836,24.649999618530273,24.5,24.649999618530273,1824,0.0,0.0,0.0
2024-02-12 09:30:00-05:00,24.593799591064453,24.649999618530273,24.593799591064453,24.649999618530273,0,0.0,0.0,0.0
2024-02-12 10:30:00-05:00,24.600000381469727,24.600099563598633,24.600000381469727,24.600099563598633,2062,0.0,0.0,0.0
2024-02-12 11:30:00-05:00,24.600000381469727,24.600000381469727,24.600000381469727,24.600000381469727,464,0.0,0.0,0.0
2024-02-12 14:30:00-05:00,24.588199615478516,24.588199615478516,24.588199615478516,24.588199615478516,400,0.0,0.0,0.0
2024-02-13 10:30:00-05:00,24.5,24.530000686645508,24.5,24.5,0,0.0,0.0,0.0
2024-02-13 11:30:00-05:00,24.45170021057129,24.68000030517578,24.45170021057129,24.68000030517578,600,0.0,0.0,0.0
2024-02-13 12:30:00-05:00,24.604000091552734,24.604000091552734,24.604000091552734,24.604000091552734,508,0.0,0.0,0.0
2024-02-13 13:30:00-05:00,24.557899475097656,24.557899475097656,24.557899475097656,24.557899475097656,675,0.0,0.0,0.0
2024-02-14 10:30:00-05:00,24.723800659179688,24.723800659179688,24.723800659179688,24.723800659179688,0,0.0,0.0,0.0
2024-02-15 09:30:00-05:00,24.649999618530273,24.8700008392334,24.610000610351562,24.639999389648438,3698,0.0,0.0,0.0
2024-02-15 10:30:00-05:00,24.68000030517578,24.68000030517578,24.59000015258789,24.59000015258789,411,0.0,0.0,0.0
2024-02-15 11:30:00-05:00,24.940000534057617,24.940000534057617,24.700000762939453,24.709999084472656,735,0.0,0.0,0.0
2024-02-15 12:30:00-05:00,24.700000762939453,24.750099182128906,24.700000762939453,24.75,1500,0.0,0.0,0.0
2024-02-15 15:30:00-05:00,24.690000534057617,24.690000534057617,24.649999618530273,24.649999618530273,908,0.0,0.0,0.0
2024-02-16 09:30:00-05:00,24.600000381469727,24.600000381469727,24.520000457763672,24.520000457763672,0,0.0,0.0,0.0
2024-02-16 11:30:00-05:00,24.600000381469727,24.600000381469727,24.600000381469727,24.600000381469727,221,0.0,0.0,0.0
2024-02-16 13:30:00-05:00,24.646400451660156,24.646400451660156,24.639999389648438,24.640100479125977,1046,0.0,0.0,0.0
2024-02-21 09:30:00-05:00,24.729999542236328,24.729999542236328,24.729999542236328,24.729999542236328,0,0.0,0.0,0.0
2024-02-21 15:30:00-05:00,24.690000534057617,24.690000534057617,24.690000534057617,24.690000534057617,0,0.0,0.0,0.0
2024-02-22 09:30:00-05:00,24.649999618530273,24.649999618530273,24.510000228881836,24.624500274658203,1468,0.0,0.0,0.0
2024-02-22 13:30:00-05:00,24.600000381469727,24.600000381469727,24.510000228881836,24.579999923706055,1179,0.0,0.0,0.0
2024-02-22 14:30:00-05:00,24.600000381469727,24.709999084472656,24.600000381469727,24.709999084472656,969,0.0,0.0,0.0
2024-02-23 10:30:00-05:00,24.600000381469727,24.600000381469727,24.600000381469727,24.600000381469727,0,0.0,0.0,0.0
2024-02-23 12:30:00-05:00,24.639999389648438,24.639999389648438,24.6299991607666,24.639999389648438,522,0.0,0.0,0.0
2024-02-23 15:30:00-05:00,24.59000015258789,24.65999984741211,24.54669952392578,24.54669952392578,1514,0.0,0.0,0.0
2024-02-26 09:30:00-05:00,24.700000762939453,24.700000762939453,24.700000762939453,24.700000762939453,0,0.0,0.0,0.0
2024-02-26 10:30:00-05:00,24.739999771118164,24.829999923706055,24.639999389648438,24.829999923706055,4074,0.0,0.0,0.0
2024-02-27 09:30:00-05:00,24.75,24.75,24.75,24.75,0,0.0,0.0,0.0
2024-02-27 11:30:00-05:00,24.700000762939453,24.700000762939453,24.700000762939453,24.700000762939453,574,0.0,0.0,0.0
2024-02-27 12:30:00-05:00,24.72480010986328,24.72480010986328,24.72480010986328,24.72480010986328,0,0.0,0.0,0.0
2024-02-28 12:30:00-05:00,24.700000762939453,24.70009994506836,24.68000030517578,24.68000030517578,24,0.0,0.0,0.0
2024-03-01 09:30:00-05:00,24.74139976501465,24.74139976501465,24.74139976501465,24.74139976501465,470,0.0,0.0,0.0
2024-03-01 15:30:00-05:00,24.75,24.75,24.75,24.75,700,0.0,0.0,0.0
2024-03-04 09:30:00-05:00,24.75,24.799999237060547,24.75,24.799999237060547,409,0.0,0.0,0.0
2024-03-04 11:30:00-05:00,24.81999969482422,24.81999969482422,24.81999969482422,24.81999969482422,533,0.0,0.0,0.0
2024-03-04 13:30:00-05:00,24.760000228881836,24.760000228881836,24.649999618530273,24.719999313354492,2673,0.0,0.0,0.0
2024-03-04 14:30:00-05:00,24.65999984741211,24.719999313354492,24.649999618530273,24.719999313354492,1114,0.0,0.0,0.0
2024-03-04 15:30:00-05:00,24.790000915527344,24.790000915527344,24.700000762939453,24.780000686645508,0,0.0,0.0,0.0
2024-03-05 11:30:00-05:00,24.700000762939453,24.70009994506836,24.700000762939453,24.70009994506836,1444,0.0,0.0,0.0
2024-03-05 14:30:00-05:00,24.708499908447266,24.708499908447266,24.708499908447266,24.708499908447266,569,0.0,0.0,0.0
2024-03-06 09:30:00-05:00,24.709999084472656,24.709999084472656,24.700000762939453,24.700000762939453,0,0.0,0.0,0.0
